x,y,z,UDNS_0,UDNS_1,UDNS_2
1.08573,0.522747,0.05,0,0,0
1.08573,0.525263,0.05,-0.000224352,0.000144641,6.69366e-07
1.08573,0.527779,0.05,-0.000441956,0.00028483,1.31938e-06
1.08573,0.530294,0.05,-0.000641107,0.000413046,1.94907e-06
1.08573,0.53281,0.05,-0.000815884,0.000524895,2.41775e-06
1.08573,0.535326,0.05,-0.000973541,0.000626034,2.70285e-06
1.08573,0.537842,0.05,-0.00111744,0.000719392,2.68626e-06
1.08573,0.540357,0.05,-0.0012548,0.000813482,2.57443e-06
1.08573,0.542873,0.05,-0.00139048,0.000907879,2.43266e-06
1.08573,0.545389,0.05,-0.0015233,0.00100229,2.23973e-06
1.08573,0.547905,0.05,-0.0016562,0.00109492,2.18613e-06
1.08573,0.55042,0.05,-0.00178794,0.00118617,2.02999e-06
1.08573,0.552936,0.05,-0.00191303,0.00127309,1.95575e-06
1.08573,0.555452,0.05,-0.00203712,0.00135974,1.7935e-06
1.08573,0.557968,0.05,-0.00215148,0.00144026,1.79375e-06
1.08573,0.560484,0.05,-0.00226402,0.00152011,1.72297e-06
1.08573,0.562999,0.05,-0.00236824,0.00159388,1.81669e-06
1.08573,0.565515,0.05,-0.0024706,0.00166615,1.85598e-06
1.08573,0.568031,0.05,-0.00256441,0.00173223,2.02326e-06
1.08573,0.570547,0.05,-0.00265542,0.0017965,2.18236e-06
1.08573,0.573062,0.05,-0.00274104,0.00185725,2.37763e-06
1.08573,0.575578,0.05,-0.00282345,0.00191566,2.61893e-06
1.08573,0.578094,0.05,-0.00290333,0.00197271,2.82245e-06
1.08573,0.58061,0.05,-0.00297578,0.00202445,3.13568e-06
1.08573,0.583125,0.05,-0.00304778,0.00207895,2.53731e-06
1.08573,0.585641,0.05,-0.00310827,0.00212004,3.70489e-06
1.08573,0.588157,0.05,-0.00316764,0.00216374,4.08746e-06
1.08573,0.590673,0.05,-0.00322308,0.00220548,4.2689e-06
1.08573,0.593189,0.05,-0.00327371,0.00224368,4.60673e-06
1.08573,0.595704,0.05,-0.00332403,0.00228407,4.1529e-06
1.08573,0.59822,0.05,-0.00336698,0.00231465,4.95841e-06
1.08573,0.600736,0.05,-0.00340843,0.00234664,5.21498e-06
1.08573,0.603252,0.05,-0.00344729,0.00237724,5.13994e-06
1.08573,0.605767,0.05,-0.00347845,0.00240294,5.35342e-06
1.08573,0.608283,0.05,-0.0035096,0.00242863,5.5669e-06
1.08573,0.610799,0.05,-0.00353706,0.00245234,5.385e-06
1.08573,0.613315,0.05,-0.00355963,0.00247221,5.61492e-06
1.08573,0.61583,0.05,-0.0035822,0.00249208,5.84485e-06
1.08573,0.618346,0.05,-0.00360001,0.00250853,5.66865e-06
1.08573,0.620862,0.05,-0.00361352,0.00252265,5.98526e-06
1.08573,0.623378,0.05,-0.00362704,0.00253678,6.30187e-06
1.08573,0.625894,0.05,-0.00363537,0.00254849,6.19088e-06
1.08573,0.628409,0.05,-0.00364044,0.00255739,6.60938e-06
1.08573,0.630925,0.05,-0.00364551,0.0025663,7.02787e-06
1.08573,0.633441,0.05,-0.00364706,0.00257283,7.05434e-06
1.08573,0.635957,0.05,-0.00364445,0.00257713,7.57148e-06
1.08573,0.638472,0.05,-0.00364183,0.00258142,8.08863e-06
1.08573,0.640988,0.05,-0.00363465,0.00258504,8.60774e-06
1.08573,0.643504,0.05,-0.00362708,0.00258575,8.93431e-06
1.08573,0.64602,0.05,-0.00361738,0.00258613,9.53425e-06
1.08573,0.648535,0.05,-0.00360508,0.00258589,1.03269e-05
1.08573,0.651051,0.05,-0.00359053,0.00258291,1.06975e-05
1.08573,0.653567,0.05,-0.00357359,0.00257903,1.13404e-05
1.08573,0.656083,0.05,-0.00355665,0.00257516,1.19832e-05
1.08573,0.658599,0.05,-0.00353349,0.00256951,1.27905e-05
1.08573,0.661114,0.05,-0.00351088,0.00256239,1.32234e-05
1.08573,0.66363,0.05,-0.00348677,0.0025547,1.37912e-05
1.08573,0.666146,0.05,-0.00346236,0.00254689,1.43734e-05
1.08573,0.668662,0.05,-0.00343206,0.00253691,1.49258e-05
1.08573,0.671177,0.05,-0.00340147,0.00252587,1.52945e-05
1.08573,0.673693,0.05,-0.00337088,0.00251484,1.56632e-05
1.08573,0.676209,0.05,-0.00333373,0.00250098,1.62308e-05
1.08573,0.678725,0.05,-0.00329966,0.00248893,1.63561e-05
1.08573,0.68124,0.05,-0.00326226,0.00247463,1.65573e-05
1.08573,0.683756,0.05,-0.00322486,0.00246033,1.67586e-05
1.08573,0.686272,0.05,-0.00317776,0.00244159,1.71865e-05
1.08573,0.688788,0.05,-0.00313914,0.00242794,1.69748e-05
1.08573,0.691304,0.05,-0.00309491,0.00241048,1.70242e-05
1.08573,0.693819,0.05,-0.00305069,0.00239302,1.70735e-05
1.08573,0.696335,0.05,-0.00299718,0.00237108,1.73534e-05
1.08573,0.698851,0.05,-0.00294986,0.0023539,1.66693e-05
1.08573,0.701367,0.05,-0.00289861,0.00233363,1.66354e-05
1.08573,0.703882,0.05,-0.00284737,0.00231336,1.66014e-05
1.08573,0.706398,0.05,-0.00279289,0.00229154,1.67234e-05
1.08573,0.708914,0.05,-0.00273352,0.00226938,1.61714e-05
1.08573,0.71143,0.05,-0.00267504,0.00224647,1.59859e-05
1.08573,0.713945,0.05,-0.00261656,0.00222356,1.58004e-05
1.08573,0.716461,0.05,-0.00255809,0.00220065,1.56149e-05
1.08573,0.718977,0.05,-0.00248172,0.00217009,1.59828e-05
1.08573,0.721493,0.05,-0.0024238,0.00214936,1.44713e-05
1.08573,0.724009,0.05,-0.00235827,0.00212401,1.39424e-05
1.08573,0.726524,0.05,-0.00229274,0.00209866,1.34134e-05
1.08573,0.72904,0.05,-0.00221707,0.0020688,1.35573e-05
1.08573,0.731556,0.05,-0.00214687,0.00204352,1.21205e-05
1.08573,0.734072,0.05,-0.00207401,0.00201611,1.12796e-05
1.08573,0.736587,0.05,-0.00200116,0.0019887,1.04387e-05
1.08573,0.739103,0.05,-0.0019283,0.00196129,9.59779e-06
1.08573,0.741619,0.05,-0.0018279,0.0019227,1.03931e-05
1.08573,0.744135,0.05,-0.00176343,0.00190114,8.26308e-06
1.08573,0.74665,0.05,-0.00168301,0.00187188,7.21025e-06
1.08573,0.749166,0.05,-0.00160259,0.00184263,6.15742e-06
1.08573,0.751682,0.05,-0.00152217,0.00181338,5.10459e-06
1.08573,0.754198,0.05,-0.00140997,0.0017727,5.23569e-06
1.08573,0.756713,0.05,-0.00133979,0.00174931,3.84205e-06
1.08573,0.759229,0.05,-0.0012517,0.00171838,2.58915e-06
1.08573,0.761745,0.05,-0.00116361,0.00168745,1.33625e-06
1.08573,0.764261,0.05,-0.00107552,0.00165652,8.33476e-08
1.08573,0.766777,0.05,-0.000948573,0.00161298,-8.90712e-07
1.08573,0.769292,0.05,-0.000874308,0.00158871,-1.50482e-06
1.08573,0.771808,0.05,-0.000778202,0.00155635,-2.95756e-06
1.08573,0.774324,0.05,-0.000682096,0.00152399,-4.41031e-06
1.08573,0.77684,0.05,-0.000585989,0.00149163,-5.86305e-06
1.08573,0.779355,0.05,-0.000449849,0.00144755,-8.09149e-06
1.08573,0.781871,0.05,-0.000368087,0.00142161,-8.22893e-06
1.08573,0.784387,0.05,-0.000263852,0.00138803,-9.83817e-06
1.08573,0.786903,0.05,-0.000159616,0.00135445,-1.14474e-05
1.08573,0.789418,0.05,-5.53812e-05,0.00132088,-1.30566e-05
1.08573,0.791934,0.05,6.96704e-05,0.00128184,-1.52214e-05
1.08573,0.79445,0.05,0.000190543,0.00124502,-1.66252e-05
1.08573,0.796966,0.05,0.000291472,0.0012138,-1.7526e-05
1.08573,0.799482,0.05,0.000404351,0.00117918,-1.89947e-05
1.08573,0.801997,0.05,0.000517231,0.00114455,-2.04633e-05
1.08573,0.804513,0.05,0.00063011,0.00110993,-2.1932e-05
1.08573,0.807029,0.05,0.000804711,0.00106156,-2.45974e-05
1.08573,0.809545,0.05,0.000889213,0.00103548,-2.33825e-05
1.08573,0.81206,0.05,0.00101119,0.00100016,-2.42616e-05
1.08573,0.814576,0.05,0.00113316,0.000964835,-2.51406e-05
1.08573,0.817092,0.05,0.00125513,0.000929511,-2.60196e-05
1.08573,0.819608,0.05,0.00138736,0.000892242,-2.71404e-05
1.08573,0.822123,0.05,0.00156015,0.000847878,-2.85729e-05
1.08573,0.824639,0.05,0.00165925,0.00081886,-2.70231e-05
1.08573,0.827155,0.05,0.00179047,0.000783153,-2.72135e-05
1.08573,0.829671,0.05,0.0019217,0.000747446,-2.74039e-05
1.08573,0.832187,0.05,0.00205292,0.000711739,-2.75943e-05
1.08573,0.834702,0.05,0.00220873,0.000672197,-2.83851e-05
1.08573,0.837218,0.05,0.00238119,0.000631048,-2.87107e-05
1.08573,0.839734,0.05,0.00249051,0.000600968,-2.67562e-05
1.08573,0.84225,0.05,0.00263129,0.000565299,-2.6622e-05
1.08573,0.844765,0.05,0.00277208,0.00052963,-2.64878e-05
1.08573,0.847281,0.05,0.00291287,0.00049396,-2.63536e-05
1.08573,0.849797,0.05,0.00307668,0.000455423,-2.6785e-05
1.08573,0.852313,0.05,0.00327319,0.000413611,-2.75232e-05
1.08573,0.854828,0.05,0.00338366,0.000384225,-2.53637e-05
1.08573,0.857344,0.05,0.00353391,0.000349212,-2.52532e-05
1.08573,0.85986,0.05,0.00368415,0.000314199,-2.51427e-05
1.08573,0.862376,0.05,0.00383439,0.000279186,-2.50323e-05
1.08573,0.864892,0.05,0.00398679,0.000243979,-2.49599e-05
1.08573,0.867407,0.05,0.00423433,0.000200252,-2.65561e-05
1.08573,0.869923,0.05,0.00433447,0.000173164,-2.47183e-05
1.08573,0.872439,0.05,0.00449337,0.000139368,-2.41687e-05
1.08573,0.874955,0.05,0.00465302,0.000105486,-2.36355e-05
1.08573,0.87747,0.05,0.00481268,7.16044e-05,-2.31023e-05
1.08573,0.879986,0.05,0.00497233,3.77225e-05,-2.25692e-05
1.08573,0.882502,0.05,0.00519647,-2.19516e-07,-2.22341e-05
1.08573,0.885018,0.05,0.00537155,-3.35647e-05,-2.14446e-05
1.08573,0.887533,0.05,0.0055098,-6.36328e-05,-2.01845e-05
1.08573,0.890049,0.05,0.00567879,-9.58123e-05,-1.88822e-05
1.08573,0.892565,0.05,0.00584779,-0.000127992,-1.75798e-05
1.08573,0.895081,0.05,0.00601678,-0.000160171,-1.62774e-05
1.08573,0.897597,0.05,0.00618894,-0.00019242,-1.49649e-05
1.08573,0.900112,0.05,0.00646222,-0.000226877,-1.33284e-05
1.08573,0.902628,0.05,0.00658901,-0.000255202,-1.24144e-05
1.08573,0.905144,0.05,0.00675464,-0.000284612,-1.10356e-05
1.08573,0.90766,0.05,0.00693246,-0.000314398,-9.52904e-06
1.08573,0.910175,0.05,0.00711028,-0.000344184,-8.02243e-06
1.08573,0.912691,0.05,0.0072881,-0.000373969,-6.51582e-06
1.08573,0.915207,0.05,0.00749207,-0.000403332,-4.91428e-06
1.08573,0.917723,0.05,0.00775706,-0.000431398,-3.09759e-06
1.08573,0.920238,0.05,0.00788211,-0.000459121,-1.84259e-06
1.08573,0.922754,0.05,0.00806339,-0.000486119,-6.69919e-07
1.08573,0.92527,0.05,0.00824933,-0.000513057,4.95928e-07
1.08573,0.927786,0.05,0.00843528,-0.000539994,1.66178e-06
1.08573,0.930302,0.05,0.00862122,-0.000566932,2.82762e-06
1.08573,0.932817,0.05,0.00883543,-0.00059216,3.88214e-06
1.08573,0.935333,0.05,0.00910828,-0.000613555,4.84882e-06
1.08573,0.937849,0.05,0.00924226,-0.000640387,7.85952e-06
1.08573,0.940365,0.05,0.00942643,-0.000664418,9.12733e-06
1.08573,0.94288,0.05,0.00961919,-0.00068797,1.00969e-05
1.08573,0.945396,0.05,0.00981194,-0.000711522,1.10665e-05
1.08573,0.947912,0.05,0.0100047,-0.000735074,1.20361e-05
1.08573,0.950428,0.05,0.0102086,-0.000757403,1.26794e-05
1.08573,0.952943,0.05,0.0104945,-0.000770753,1.09275e-05
1.08573,0.955459,0.05,0.0106576,-0.000794442,1.4697e-05
1.08573,0.957975,0.05,0.0108342,-0.000816353,1.71016e-05
1.08573,0.960491,0.05,0.0110322,-0.00083602,1.80193e-05
1.08573,0.963007,0.05,0.0112303,-0.000855686,1.89369e-05
1.08573,0.965522,0.05,0.0114283,-0.000875353,1.98546e-05
1.08573,0.968038,0.05,0.0116263,-0.000895019,2.07723e-05
1.08573,0.970554,0.05,0.0118853,-0.000904154,1.7605e-05
1.08573,0.97307,0.05,0.0121066,-0.00091782,1.73234e-05
1.08573,0.975585,0.05,0.0122701,-0.000939336,2.12162e-05
1.08573,0.978101,0.05,0.0124712,-0.000954717,2.17958e-05
1.08573,0.980617,0.05,0.0126723,-0.000970098,2.23754e-05
1.08573,0.983133,0.05,0.0128734,-0.000985479,2.2955e-05
1.08573,0.985648,0.05,0.0130745,-0.00100086,2.35345e-05
1.08573,0.988164,0.05,0.0132887,-0.00101276,2.28026e-05
1.08573,0.99068,0.05,0.0135512,-0.00101178,1.72246e-05
1.08573,0.993196,0.05,0.0137312,-0.00102814,1.90556e-05
1.08573,0.995712,0.05,0.0139151,-0.00104327,2.03632e-05
1.08573,0.998227,0.05,0.0141162,-0.00105429,1.99179e-05
1.08573,1.00074,0.05,0.0143173,-0.00106532,1.94726e-05
1.08573,1.00326,0.05,0.0145185,-0.00107635,1.90273e-05
1.08573,1.00577,0.05,0.0147196,-0.00108738,1.8582e-05
1.08573,1.00829,0.05,0.0149397,-0.00109016,1.57811e-05
1.08573,1.01081,0.05,0.0151767,-0.00108506,1.06998e-05
1.08573,1.01332,0.05,0.0153527,-0.00109999,1.09403e-05
1.08573,1.01584,0.05,0.0155422,-0.00110965,9.86726e-06
1.08573,1.01835,0.05,0.0157395,-0.00111633,8.04942e-06
1.08573,1.02087,0.05,0.0159367,-0.00112301,6.23157e-06
1.08573,1.02338,0.05,0.016134,-0.00112969,4.41373e-06
1.08573,1.0259,0.05,0.0163312,-0.00113637,2.59589e-06
1.08573,1.02842,0.05,0.0165377,-0.00113377,-3.96446e-07
1.08573,1.03093,0.05,0.0167497,-0.00112444,-4.27865e-06
1.08573,1.03345,0.05,0.0169307,-0.00113485,-6.10539e-06
1.08573,1.03596,0.05,0.0171169,-0.00114055,-8.27871e-06
1.08573,1.03848,0.05,0.0173066,-0.00114308,-1.06861e-05
1.08573,1.041,0.05,0.0174964,-0.0011456,-1.30934e-05
1.08573,1.04351,0.05,0.0176861,-0.00114813,-1.55008e-05
1.08573,1.04603,0.05,0.0178759,-0.00115066,-1.79082e-05
1.08573,1.04854,0.05,0.0180634,-0.00114687,-2.02227e-05
1.08573,1.05106,0.05,0.0182474,-0.00113297,-2.2388e-05
1.08573,1.05357,0.05,0.0184295,-0.0011365,-2.52708e-05
1.08573,1.05609,0.05,0.0186101,-0.00113965,-2.78326e-05
1.08573,1.05861,0.05,0.0187885,-0.00113839,-2.96706e-05
1.08573,1.06112,0.05,0.0189669,-0.00113714,-3.15086e-05
1.08573,1.06364,0.05,0.0191453,-0.00113588,-3.33466e-05
1.08573,1.06615,0.05,0.0193237,-0.00113462,-3.51846e-05
1.08573,1.06867,0.05,0.0195007,-0.0011327,-3.69169e-05
1.08573,1.07118,0.05,0.0196511,-0.00111749,-3.65363e-05
1.08573,1.0737,0.05,0.0198149,-0.00111041,-3.77257e-05
1.08573,1.07622,0.05,0.0199917,-0.00111119,-4.04344e-05
1.08573,1.07873,0.05,0.0201556,-0.00110704,-4.16127e-05
1.08573,1.08125,0.05,0.0203186,-0.00110251,-4.26738e-05
1.08573,1.08376,0.05,0.0204815,-0.00109799,-4.3735e-05
1.08573,1.08628,0.05,0.0206445,-0.00109346,-4.47962e-05
1.08573,1.08879,0.05,0.0208074,-0.00108893,-4.58573e-05
1.08573,1.09131,0.05,0.0209469,-0.00107902,-4.55111e-05
1.08573,1.09383,0.05,0.0210644,-0.00106405,-4.38393e-05
1.08573,1.09634,0.05,0.0212266,-0.00105982,-4.57298e-05
1.08573,1.09886,0.05,0.0213859,-0.00105535,-4.74303e-05
1.08573,1.10137,0.05,0.0215306,-0.00104842,-4.80671e-05
1.08573,1.10389,0.05,0.0216752,-0.00104149,-4.87039e-05
1.08573,1.10641,0.05,0.0218199,-0.00103456,-4.93407e-05
1.08573,1.10892,0.05,0.0219646,-0.00102763,-4.99775e-05
1.08573,1.11144,0.05,0.0221092,-0.0010207,-5.06143e-05
1.08573,1.11395,0.05,0.0222089,-0.00100856,-4.91757e-05
1.08573,1.11647,0.05,0.022306,-0.000996085,-4.76571e-05
1.08573,1.11898,0.05,0.0224555,-0.000989486,-4.87792e-05
1.08573,1.1215,0.05,0.0225931,-0.000982006,-4.93871e-05
1.08573,1.12402,0.05,0.0227179,-0.000973586,-4.9447e-05
1.08573,1.12653,0.05,0.0228427,-0.000965165,-4.9507e-05
1.08573,1.12905,0.05,0.0229676,-0.000956745,-4.95669e-05
1.08573,1.13156,0.05,0.0230924,-0.000948324,-4.96269e-05
1.08573,1.13408,0.05,0.0232172,-0.000939904,-4.96868e-05
1.08573,1.13659,0.05,0.0232883,-0.000928882,-4.78859e-05
1.08573,1.13911,0.05,0.0233636,-0.00091793,-4.61847e-05
1.08573,1.14163,0.05,0.0234944,-0.000909076,-4.62002e-05
1.08573,1.14414,0.05,0.0236127,-0.000900169,-4.59322e-05
1.08573,1.14666,0.05,0.0237171,-0.000891202,-4.53482e-05
1.08573,1.14917,0.05,0.0238216,-0.000882235,-4.47643e-05
1.08573,1.15169,0.05,0.023926,-0.000873269,-4.41803e-05
1.08573,1.1542,0.05,0.0240305,-0.000864302,-4.35964e-05
1.08573,1.15672,0.05,0.024135,-0.000855335,-4.30124e-05
1.08573,1.15924,0.05,0.0241927,-0.000846501,-4.13562e-05
1.08573,1.16175,0.05,0.0242363,-0.000837684,-3.93804e-05
1.08573,1.16427,0.05,0.0243453,-0.000827861,-3.9031e-05
1.08573,1.16678,0.05,0.0244477,-0.000818345,-3.84891e-05
1.08573,1.1693,0.05,0.0245324,-0.000809656,-3.74304e-05
1.08573,1.17182,0.05,0.024617,-0.000800968,-3.63718e-05
1.08573,1.17433,0.05,0.0247017,-0.000792279,-3.53131e-05
1.08573,1.17685,0.05,0.0247863,-0.00078359,-3.42545e-05
1.08573,1.17936,0.05,0.024871,-0.000774901,-3.31958e-05
1.08573,1.18188,0.05,0.0249308,-0.000767257,-3.16225e-05
1.08573,1.18439,0.05,0.0249586,-0.000760959,-2.93855e-05
1.08573,1.18691,0.05,0.0250271,-0.000752353,-2.80471e-05
1.08573,1.18943,0.05,0.0251149,-0.000742648,-2.71365e-05
1.08573,1.19194,0.05,0.0251842,-0.000734549,-2.57526e-05
1.08573,1.19446,0.05,0.0252509,-0.000726667,-2.4305e-05
1.08573,1.19697,0.05,0.0253176,-0.000718785,-2.28575e-05
1.08573,1.19949,0.05,0.0253844,-0.000710903,-2.14099e-05
1.08573,1.202,0.05,0.0254511,-0.000703021,-1.99624e-05
1.08573,1.20452,0.05,0.0255179,-0.000695139,-1.85148e-05
1.08573,1.20704,0.05,0.0255392,-0.000690631,-1.64754e-05
1.08573,1.20955,0.05,0.0255644,-0.000685732,-1.44164e-05
1.08573,1.21207,0.05,0.0256324,-0.000677047,-1.24783e-05
1.08573,1.21458,0.05,0.0256953,-0.000668925,-1.06376e-05
1.08573,1.2171,0.05,0.0257468,-0.00066208,-9.01829e-06
1.08573,1.21961,0.05,0.0257983,-0.000655234,-7.39897e-06
1.08573,1.22213,0.05,0.0258498,-0.000648389,-5.77965e-06
1.08573,1.22465,0.05,0.0259013,-0.000641543,-4.16034e-06
1.08573,1.22716,0.05,0.0259528,-0.000634698,-2.54102e-06
1.08573,1.22968,0.05,0.0259947,-0.000628803,-1.07869e-06
1.08573,1.23219,0.05,0.0260076,-0.000625736,-8.37465e-08
1.08573,1.23471,0.05,0.0260365,-0.00062089,1.40374e-06
1.08573,1.23723,0.05,0.0260876,-0.000613549,3.58159e-06
1.08573,1.23974,0.05,0.0261322,-0.000607114,5.43722e-06
1.08573,1.24226,0.05,0.0261712,-0.000601428,7.02581e-06
1.08573,1.24477,0.05,0.0262102,-0.000595742,8.6144e-06
1.08573,1.24729,0.05,0.0262493,-0.000590056,1.0203e-05
1.08573,1.2498,0.05,0.0262883,-0.00058437,1.17916e-05
1.08573,1.25232,0.05,0.0263273,-0.000578685,1.33802e-05
1.08573,1.25484,0.05,0.0263553,-0.000574304,1.45044e-05
1.08573,1.25735,0.05,0.0263653,-0.000572047,1.48734e-05
1.08573,1.25987,0.05,0.0263897,-0.000567881,1.61713e-05
1.08573,1.26238,0.05,0.0264278,-0.00056189,1.83576e-05
1.08573,1.2649,0.05,0.0264605,-0.00055677,2.00083e-05
1.08573,1.26741,0.05,0.0264898,-0.000552211,2.13143e-05
1.08573,1.26993,0.05,0.026519,-0.000547653,2.26202e-05
1.08573,1.27245,0.05,0.0265483,-0.000543094,2.39262e-05
1.08573,1.27496,0.05,0.0265775,-0.000538535,2.52321e-05
1.08573,1.27748,0.05,0.0266068,-0.000533976,2.65381e-05
1.08573,1.27999,0.05,0.0266291,-0.000530378,2.72939e-05
1.08573,1.28251,0.05,0.0266371,-0.000528738,2.69292e-05
1.08573,1.28502,0.05,0.0266538,-0.000525758,2.72593e-05
1.08573,1.28754,0.05,0.0266823,-0.000520986,2.852e-05
1.08573,1.29006,0.05,0.0267075,-0.00051681,2.95285e-05
1.08573,1.29257,0.05,0.0267296,-0.000513247,3.02788e-05
1.08573,1.29509,0.05,0.0267516,-0.000509683,3.1029e-05
1.08573,1.2976,0.05,0.0267736,-0.00050612,3.17793e-05
1.08573,1.30012,0.05,0.0267956,-0.000502557,3.25295e-05
1.08573,1.30264,0.05,0.0268176,-0.000498993,3.32798e-05
1.08573,1.30515,0.05,0.0268381,-0.000495669,3.3909e-05
1.08573,1.30767,0.05,0.0268448,-0.000494483,3.34596e-05
1.08573,1.31018,0.05,0.0268539,-0.000492887,3.31403e-05
1.08573,1.3127,0.05,0.0268748,-0.000489281,3.3459e-05
1.08573,1.31521,0.05,0.0268947,-0.000485857,3.37625e-05
1.08573,1.31773,0.05,0.0269114,-0.000483129,3.40077e-05
1.08573,1.32025,0.05,0.0269281,-0.000480401,3.42529e-05
1.08573,1.32276,0.05,0.0269448,-0.000477673,3.44982e-05
1.08573,1.32528,0.05,0.0269614,-0.000474945,3.47434e-05
1.08573,1.32779,0.05,0.0269781,-0.000472217,3.49886e-05
1.08573,1.33031,0.05,0.0269948,-0.00046949,3.52338e-05
1.08573,1.33282,0.05,0.0270043,-0.000467943,3.51957e-05
1.08573,1.33534,0.05,0.0270107,-0.000466902,3.50362e-05
1.08573,1.33786,0.05,0.0270237,-0.000464742,3.49227e-05
1.08573,1.34037,0.05,0.027039,-0.000462193,3.48252e-05
1.08573,1.34289,0.05,0.0270526,-0.000459977,3.47961e-05
1.08573,1.3454,0.05,0.0270656,-0.000457869,3.47891e-05
1.08573,1.34792,0.05,0.0270786,-0.000455761,3.47822e-05
1.08573,1.35043,0.05,0.0270916,-0.000453653,3.47753e-05
1.08573,1.35295,0.05,0.0271046,-0.000451545,3.47683e-05
1.08573,1.35547,0.05,0.0271176,-0.000449436,3.47614e-05
1.08573,1.35798,0.05,0.0271298,-0.000447452,3.47625e-05
1.08573,1.3605,0.05,0.0271364,-0.000446277,3.48162e-05
1.08573,1.36301,0.05,0.0271438,-0.000445,3.48301e-05
1.08573,1.36553,0.05,0.0271555,-0.000443141,3.4618e-05
1.08573,1.36805,0.05,0.0271671,-0.000441312,3.44297e-05
1.08573,1.37056,0.05,0.0271777,-0.000439673,3.43869e-05
1.08573,1.37308,0.05,0.0271882,-0.000438033,3.4344e-05
1.08573,1.37559,0.05,0.0271988,-0.000436394,3.43012e-05
1.08573,1.37811,0.05,0.0272093,-0.000434755,3.42583e-05
1.08573,1.38062,0.05,0.0272199,-0.000433115,3.42154e-05
1.08573,1.38314,0.05,0.0272305,-0.000431476,3.41726e-05
1.08573,1.38566,0.05,0.0272395,-0.00043004,3.41915e-05
1.08573,1.38817,0.05,0.0272463,-0.000428906,3.43022e-05
1.08573,1.39069,0.05,0.0272542,-0.000427719,3.43306e-05
1.08573,1.3932,0.05,0.0272636,-0.000426453,3.4235e-05
1.08573,1.39572,0.05,0.0272729,-0.000425179,3.41347e-05
1.08573,1.39823,0.05,0.0272818,-0.000423891,3.40266e-05
1.08573,1.40075,0.05,0.0272908,-0.000422603,3.39185e-05
1.08573,1.40327,0.05,0.0272998,-0.000421315,3.38104e-05
1.08573,1.40578,0.05,0.0273088,-0.000420027,3.37023e-05
1.08573,1.4083,0.05,0.0273177,-0.000418739,3.35942e-05
1.08573,1.41081,0.05,0.0273267,-0.000417451,3.34861e-05
1.08573,1.41333,0.05,0.0273346,-0.000416219,3.33451e-05
1.08573,1.41584,0.05,0.0273416,-0.000415039,3.31733e-05
1.08573,1.41836,0.05,0.0273493,-0.000413952,3.29423e-05
1.08573,1.42088,0.05,0.0273577,-0.00041296,3.26512e-05
1.08573,1.42339,0.05,0.0273659,-0.000411935,3.23894e-05
1.08573,1.42591,0.05,0.027374,-0.000410871,3.2163e-05
1.08573,1.42842,0.05,0.0273822,-0.000409807,3.19365e-05
1.08573,1.43094,0.05,0.0273903,-0.000408744,3.17101e-05
1.08573,1.43346,0.05,0.0273984,-0.00040768,3.14837e-05
1.08573,1.43597,0.05,0.0274065,-0.000406616,3.12573e-05
1.08573,1.43849,0.05,0.0274146,-0.000405552,3.10309e-05
1.08573,1.441,0.05,0.0274221,-0.000404455,3.08629e-05
1.08573,1.44352,0.05,0.027429,-0.00040332,3.07575e-05
1.08573,1.44603,0.05,0.0274363,-0.000402325,3.05331e-05
1.08573,1.44855,0.05,0.027444,-0.000401501,3.01618e-05
1.08573,1.45107,0.05,0.0274517,-0.000400646,2.98308e-05
1.08573,1.45358,0.05,0.0274594,-0.000399743,2.95625e-05
1.08573,1.4561,0.05,0.027467,-0.00039884,2.92942e-05
1.08573,1.45861,0.05,0.0274746,-0.000397938,2.90259e-05
1.08573,1.46113,0.05,0.0274822,-0.000397035,2.87576e-05
1.08573,1.46364,0.05,0.0274899,-0.000396132,2.84893e-05
1.08573,1.46616,0.05,0.0274975,-0.000395229,2.82209e-05
1.08573,1.46868,0.05,0.0275049,-0.000394292,2.80427e-05
1.08573,1.47119,0.05,0.0275116,-0.000393275,2.80679e-05
1.08573,1.47371,0.05,0.0275185,-0.000392375,2.79858e-05
1.08573,1.47622,0.05,0.0275255,-0.000391806,2.75988e-05
1.08573,1.47874,0.05,0.0275326,-0.000391193,2.72603e-05
1.08573,1.48125,0.05,0.0275398,-0.000390401,2.71215e-05
1.08573,1.48377,0.05,0.027547,-0.000389609,2.69828e-05
1.08573,1.48629,0.05,0.0275542,-0.000388817,2.6844e-05
1.08573,1.4888,0.05,0.0275614,-0.000388026,2.67053e-05
1.08573,1.49132,0.05,0.0275686,-0.000387234,2.65665e-05
1.08573,1.49383,0.05,0.0275758,-0.000386442,2.64278e-05
1.08573,1.49635,0.05,0.0275831,-0.00038565,2.6289e-05
1.08573,1.49887,0.05,0.0275901,-0.000384542,2.65827e-05
1.08573,1.50138,0.05,0.0275972,-0.000383432,2.68774e-05
1.08573,1.5039,0.05,0.0276039,-0.000382889,2.68951e-05
1.08573,1.50641,0.05,0.0276105,-0.000382379,2.68961e-05
1.08573,1.50893,0.05,0.0276175,-0.000381664,2.69842e-05
1.08573,1.51144,0.05,0.0276245,-0.00038092,2.70849e-05
1.08573,1.51396,0.05,0.0276315,-0.000380176,2.71857e-05
1.08573,1.51648,0.05,0.0276385,-0.000379432,2.72864e-05
1.08573,1.51899,0.05,0.0276455,-0.000378687,2.73871e-05
1.08573,1.52151,0.05,0.0276525,-0.000377943,2.74878e-05
1.08573,1.52402,0.05,0.0276595,-0.000377199,2.75886e-05
1.08573,1.52654,0.05,0.0276668,-0.000376233,2.77814e-05
1.08573,1.52905,0.05,0.0276743,-0.000375094,2.80457e-05
1.08573,1.53157,0.05,0.0276813,-0.000374291,2.83309e-05
1.08573,1.53409,0.05,0.027688,-0.000373817,2.86367e-05
1.08573,1.5366,0.05,0.0276948,-0.000373244,2.88995e-05
1.08573,1.53912,0.05,0.0277019,-0.000372541,2.91058e-05
1.08573,1.54163,0.05,0.027709,-0.000371838,2.9312e-05
1.08573,1.54415,0.05,0.0277161,-0.000371135,2.95183e-05
1.08573,1.54666,0.05,0.0277232,-0.000370432,2.97246e-05
1.08573,1.54918,0.05,0.0277303,-0.000369729,2.99309e-05
1.08573,1.5517,0.05,0.0277374,-0.000369027,3.01372e-05
1.08573,1.55421,0.05,0.0277445,-0.000368319,3.03428e-05
1.08573,1.55673,0.05,0.0277524,-0.000367218,3.04883e-05
1.08573,1.55924,0.05,0.0277602,-0.000366117,3.06338e-05
1.08573,1.56176,0.05,0.0277671,-0.000365699,3.08744e-05
1.08573,1.56428,0.05,0.0277741,-0.000365315,3.11197e-05
1.08573,1.56679,0.05,0.0277814,-0.000364627,3.13537e-05
1.08573,1.56931,0.05,0.0277887,-0.000363898,3.15861e-05
1.08573,1.57182,0.05,0.0277961,-0.00036317,3.18186e-05
1.08573,1.57434,0.05,0.0278035,-0.000362441,3.2051e-05
1.08573,1.57685,0.05,0.0278108,-0.000361712,3.22835e-05
1.08573,1.57937,0.05,0.0278182,-0.000360984,3.25159e-05
1.08573,1.58189,0.05,0.0278255,-0.000360255,3.27484e-05
1.08573,1.5844,0.05,0.0278331,-0.000359351,3.30004e-05
1.08573,1.58692,0.05,0.0278411,-0.000358128,3.32882e-05
1.08573,1.58943,0.05,0.0278489,-0.000357117,3.35664e-05
1.08573,1.59195,0.05,0.0278563,-0.000356608,3.38222e-05
1.08573,1.59446,0.05,0.0278637,-0.000356046,3.4082e-05
1.08573,1.59698,0.05,0.0278713,-0.000355308,3.4355e-05
1.08573,1.5995,0.05,0.0278789,-0.000354571,3.4628e-05
1.08573,1.60201,0.05,0.0278865,-0.000353834,3.4901e-05
1.08573,1.60453,0.05,0.0278941,-0.000353097,3.5174e-05
1.08573,1.60704,0.05,0.0279017,-0.000352359,3.5447e-05
1.08573,1.60956,0.05,0.0279093,-0.000351622,3.572e-05
1.08573,1.61207,0.05,0.0279169,-0.000350885,3.5993e-05
1.08573,1.61459,0.05,0.0279246,-0.000349949,3.63172e-05
1.08573,1.61711,0.05,0.0279325,-0.000348882,3.66758e-05
1.08573,1.61962,0.05,0.0279403,-0.000348165,3.69523e-05
1.08573,1.62214,0.05,0.0279478,-0.000347737,3.71614e-05
1.08573,1.62465,0.05,0.0279555,-0.00034717,3.74087e-05
1.08573,1.62717,0.05,0.0279632,-0.000346461,3.76951e-05
1.08573,1.62969,0.05,0.027971,-0.000345752,3.79816e-05
1.08573,1.6322,0.05,0.0279788,-0.000345043,3.8268e-05
1.08573,1.63472,0.05,0.0279865,-0.000344334,3.85544e-05
1.08573,1.63723,0.05,0.0279943,-0.000343625,3.88409e-05
1.08573,1.63975,0.05,0.028002,-0.000342916,3.91273e-05
1.08573,1.64226,0.05,0.0280098,-0.000342207,3.94137e-05
1.08573,1.64478,0.05,0.0280176,-0.00034123,3.97694e-05
1.08573,1.6473,0.05,0.0280255,-0.000340166,4.01472e-05
1.08573,1.64981,0.05,0.0280334,-0.000339505,4.05204e-05
1.08573,1.65233,0.05,0.0280413,-0.000339002,4.08916e-05
1.08573,1.65484,0.05,0.0280491,-0.00033836,4.1154e-05
1.08573,1.65736,0.05,0.0280569,-0.000337651,4.13638e-05
1.08573,1.65987,0.05,0.0280646,-0.000336942,4.15737e-05
1.08573,1.66239,0.05,0.0280724,-0.000336232,4.17835e-05
1.08573,1.66491,0.05,0.0280801,-0.000335523,4.19934e-05
1.08573,1.66742,0.05,0.0280879,-0.000334814,4.22033e-05
1.08573,1.66994,0.05,0.0280956,-0.000334105,4.24131e-05
1.08573,1.67245,0.05,0.0281034,-0.000333396,4.2623e-05
1.08573,1.67497,0.05,0.0281109,-0.00033248,4.25755e-05
1.08573,1.67748,0.05,0.0281183,-0.000331524,4.24787e-05
1.08573,1.68,0.05,0.0281258,-0.000330977,4.26352e-05
1.08573,1.68252,0.05,0.0281334,-0.000330523,4.28494e-05
1.08573,1.68503,0.05,0.028141,-0.000329866,4.29148e-05
1.08573,1.68755,0.05,0.0281487,-0.000329155,4.29401e-05
1.08573,1.69006,0.05,0.0281564,-0.000328443,4.29655e-05
1.08573,1.69258,0.05,0.028164,-0.000327732,4.29908e-05
1.08573,1.6951,0.05,0.0281717,-0.000327021,4.30162e-05
1.08573,1.69761,0.05,0.0281793,-0.000326309,4.30416e-05
1.08573,1.70013,0.05,0.028187,-0.000325598,4.30669e-05
1.08573,1.70264,0.05,0.0281947,-0.000324887,4.30923e-05
1.08573,1.70516,0.05,0.0282024,-0.000323949,4.27753e-05
1.08573,1.70767,0.05,0.0282101,-0.000322974,4.24014e-05
1.08573,1.71019,0.05,0.0282177,-0.000322448,4.22602e-05
1.08573,1.71271,0.05,0.0282253,-0.000322001,4.216e-05
1.08573,1.71522,0.05,0.0282331,-0.000321358,4.20229e-05
1.08573,1.71774,0.05,0.0282409,-0.000320678,4.1879e-05
1.08573,1.72025,0.05,0.0282486,-0.000319999,4.17351e-05
1.08573,1.72277,0.05,0.0282564,-0.000319319,4.15912e-05
1.08573,1.72528,0.05,0.0282642,-0.000318639,4.14473e-05
1.08573,1.7278,0.05,0.0282719,-0.00031796,4.13034e-05
1.08573,1.73032,0.05,0.0282797,-0.00031728,4.11595e-05
1.08573,1.73283,0.05,0.0282875,-0.0003166,4.10156e-05
1.08573,1.73535,0.05,0.0282954,-0.000315706,4.07777e-05
1.08573,1.73786,0.05,0.0283034,-0.000314765,4.05195e-05
1.08573,1.74038,0.05,0.0283112,-0.000314333,4.03013e-05
1.08573,1.74289,0.05,0.028319,-0.000314,4.0091e-05
1.08573,1.74541,0.05,0.0283269,-0.000313401,3.99169e-05
1.08573,1.74793,0.05,0.0283348,-0.000312756,3.97491e-05
1.08573,1.75044,0.05,0.0283427,-0.000312111,3.95812e-05
1.08573,1.75296,0.05,0.0283506,-0.000311466,3.94134e-05
1.08573,1.75547,0.05,0.0283584,-0.000310821,3.92455e-05
1.08573,1.75799,0.05,0.0283663,-0.000310176,3.90777e-05
1.08573,1.76051,0.05,0.0283742,-0.000309531,3.89099e-05
1.08573,1.76302,0.05,0.0283821,-0.000308887,3.8742e-05
1.08573,1.76554,0.05,0.0283901,-0.000307972,3.86478e-05
1.08573,1.76805,0.05,0.0283982,-0.000306967,3.85786e-05
1.08573,1.77057,0.05,0.0284061,-0.000306485,3.84354e-05
1.08573,1.77308,0.05,0.028414,-0.000306147,3.82718e-05
1.08573,1.7756,0.05,0.0284219,-0.000305534,3.8181e-05
1.08573,1.77812,0.05,0.0284299,-0.000304865,3.81052e-05
1.08573,1.78063,0.05,0.0284379,-0.000304195,3.80294e-05
1.08573,1.78315,0.05,0.0284459,-0.000303526,3.79537e-05
1.08573,1.78566,0.05,0.0284539,-0.000302857,3.78779e-05
1.08573,1.78818,0.05,0.0284619,-0.000302188,3.78021e-05
1.08573,1.79069,0.05,0.0284699,-0.000301518,3.77263e-05
1.08573,1.79321,0.05,0.0284779,-0.000300849,3.76505e-05
1.08573,1.79573,0.05,0.028486,-0.000299947,3.77109e-05
1.08573,1.79824,0.05,0.0284941,-0.000298916,3.78473e-05
1.08573,1.80076,0.05,0.0285023,-0.000298326,3.78265e-05
1.08573,1.80327,0.05,0.0285103,-0.000297919,3.77409e-05
1.08573,1.80579,0.05,0.0285185,-0.000297311,3.77488e-05
1.08573,1.8083,0.05,0.0285266,-0.000296647,3.77827e-05
1.08573,1.81082,0.05,0.0285347,-0.000295983,3.78167e-05
1.08573,1.81334,0.05,0.0285428,-0.000295319,3.78506e-05
1.08573,1.81585,0.05,0.0285509,-0.000294656,3.78846e-05
1.08573,1.81837,0.05,0.0285591,-0.000293992,3.79185e-05
1.08573,1.82088,0.05,0.0285672,-0.000293328,3.79525e-05
1.08573,1.8234,0.05,0.0285753,-0.000292664,3.79864e-05
1.08573,1.82592,0.05,0.0285834,-0.00029186,3.81782e-05
1.08573,1.82843,0.05,0.0285916,-0.000290926,3.85155e-05
1.08573,1.83095,0.05,0.0285998,-0.000290327,3.86786e-05
1.08573,1.83346,0.05,0.028608,-0.000289935,3.87339e-05
1.08573,1.83598,0.05,0.0286162,-0.000289371,3.8856e-05
1.08573,1.83849,0.05,0.0286244,-0.000288742,3.90034e-05
1.08573,1.84101,0.05,0.0286326,-0.000288112,3.91508e-05
1.08573,1.84353,0.05,0.0286408,-0.000287483,3.92982e-05
1.08573,1.84604,0.05,0.028649,-0.000286854,3.94456e-05
1.08573,1.84856,0.05,0.0286572,-0.000286224,3.9593e-05
1.08573,1.85107,0.05,0.0286654,-0.000285595,3.97404e-05
1.08573,1.85359,0.05,0.0286736,-0.000284965,3.98878e-05
1.08573,1.8561,0.05,0.0286818,-0.000284246,4.00963e-05
1.08573,1.85862,0.05,0.0286899,-0.000283388,4.03985e-05
1.08573,1.86114,0.05,0.0286981,-0.00028281,4.0648e-05
1.08573,1.86365,0.05,0.0287064,-0.000282484,4.085e-05
1.08573,1.86617,0.05,0.0287146,-0.000281966,4.09981e-05
1.08573,1.86868,0.05,0.0287229,-0.000281354,4.11198e-05
1.08573,1.8712,0.05,0.0287311,-0.000280742,4.12415e-05
1.08573,1.87371,0.05,0.0287393,-0.00028013,4.13631e-05
1.08573,1.87623,0.05,0.0287476,-0.000279518,4.14848e-05
1.08573,1.87875,0.05,0.0287558,-0.000278906,4.16065e-05
1.08573,1.88126,0.05,0.0287641,-0.000278293,4.17282e-05
1.08573,1.88378,0.05,0.0287723,-0.000277681,4.18499e-05
1.08573,1.88629,0.05,0.0287805,-0.000276995,4.19101e-05
1.08573,1.88881,0.05,0.0287887,-0.000276116,4.18106e-05
1.08573,1.89133,0.05,0.0287969,-0.000275471,4.17858e-05
1.08573,1.89384,0.05,0.0288052,-0.000275118,4.18534e-05
1.08573,1.89636,0.05,0.0288135,-0.000274594,4.18357e-05
1.08573,1.89887,0.05,0.0288217,-0.000273971,4.17679e-05
1.08573,1.90139,0.05,0.0288299,-0.000273347,4.17002e-05
1.08573,1.9039,0.05,0.0288381,-0.000272723,4.16324e-05
1.08573,1.90642,0.05,0.0288464,-0.0002721,4.15646e-05
1.08573,1.90894,0.05,0.0288546,-0.000271476,4.14968e-05
1.08573,1.91145,0.05,0.0288628,-0.000270853,4.1429e-05
1.08573,1.91397,0.05,0.028871,-0.000270229,4.13613e-05
1.08573,1.91648,0.05,0.0288793,-0.000269562,4.12385e-05
1.08573,1.919,0.05,0.0288874,-0.0002687,4.08688e-05
1.08573,1.92151,0.05,0.0288956,-0.000268033,4.05573e-05
1.08573,1.92403,0.05,0.028904,-0.000267672,4.03364e-05
1.08573,1.92655,0.05,0.0289122,-0.000267146,4.00921e-05
1.08573,1.92906,0.05,0.0289204,-0.000266516,3.98333e-05
1.08573,1.93158,0.05,0.0289286,-0.000265887,3.95745e-05
1.08573,1.93409,0.05,0.0289368,-0.000265258,3.93156e-05
1.08573,1.93661,0.05,0.028945,-0.000264628,3.90568e-05
1.08573,1.93912,0.05,0.0289532,-0.000263999,3.8798e-05
1.08573,1.94164,0.05,0.0289614,-0.000263369,3.85391e-05
1.08573,1.94416,0.05,0.0289696,-0.00026274,3.82803e-05
1.08573,1.94667,0.05,0.0289778,-0.000262084,3.80166e-05
1.08573,1.94919,0.05,0.0289858,-0.000261231,3.77172e-05
1.08573,1.9517,0.05,0.0289939,-0.000260569,3.73984e-05
1.08573,1.95422,0.05,0.0290022,-0.00026023,3.70472e-05
1.08573,1.95674,0.05,0.0290104,-0.000259704,3.67354e-05
1.08573,1.95925,0.05,0.0290186,-0.000259074,3.64458e-05
1.08573,1.96177,0.05,0.0290268,-0.000258445,3.61562e-05
1.08573,1.96428,0.05,0.0290349,-0.000257815,3.58666e-05
1.08573,1.9668,0.05,0.0290431,-0.000257185,3.55769e-05
1.08573,1.96931,0.05,0.0290513,-0.000256555,3.52873e-05
1.08573,1.97183,0.05,0.0290594,-0.000255926,3.49977e-05
1.08573,1.97435,0.05,0.0290676,-0.000255296,3.47081e-05
1.08573,1.97686,0.05,0.0290757,-0.000254641,3.44328e-05
1.08573,1.97938,0.05,0.0290837,-0.000253774,3.42795e-05
1.08573,1.98189,0.05,0.0290918,-0.000253092,3.40989e-05
1.08573,1.98441,0.05,0.0291001,-0.000252687,3.38773e-05
1.08573,1.98692,0.05,0.0291083,-0.000252119,3.36751e-05
1.08573,1.98944,0.05,0.0291164,-0.000251488,3.34805e-05
1.08573,1.99196,0.05,0.0291245,-0.000250856,3.32859e-05
1.08573,1.99447,0.05,0.0291326,-0.000250225,3.30913e-05
1.08573,1.99699,0.05,0.0291407,-0.000249593,3.28967e-05
1.08573,1.9995,0.05,0.0291488,-0.000248961,3.27021e-05
1.08573,2.00202,0.05,0.0291569,-0.00024833,3.25075e-05
1.08573,2.00453,0.05,0.029165,-0.000247698,3.23129e-05
1.08573,2.00705,0.05,0.0291731,-0.000247047,3.21199e-05
1.08573,2.00957,0.05,0.0291809,-0.000246284,3.19363e-05
1.08573,2.01208,0.05,0.0291889,-0.00024572,3.17879e-05
1.08573,2.0146,0.05,0.0291972,-0.000245361,3.16759e-05
1.08573,2.01711,0.05,0.0292052,-0.00024478,3.1572e-05
1.08573,2.01963,0.05,0.0292133,-0.000244161,3.14694e-05
1.08573,2.02215,0.05,0.0292213,-0.000243542,3.13669e-05
1.08573,2.02466,0.05,0.0292294,-0.000242923,3.12644e-05
1.08573,2.02718,0.05,0.0292374,-0.000242303,3.11618e-05
1.08573,2.02969,0.05,0.0292455,-0.000241684,3.10593e-05
1.08573,2.03221,0.05,0.0292535,-0.000241065,3.09568e-05
1.08573,2.03472,0.05,0.0292616,-0.000240446,3.08543e-05
1.08573,2.03724,0.05,0.0292695,-0.000239789,3.0739e-05
1.08573,2.03976,0.05,0.0292772,-0.000239026,3.05878e-05
1.08573,2.04227,0.05,0.0292853,-0.000238521,3.05122e-05
1.08573,2.04479,0.05,0.0292935,-0.000238137,3.0476e-05
1.08573,2.0473,0.05,0.0293015,-0.000237542,3.04334e-05
1.08573,2.04982,0.05,0.0293094,-0.000236947,3.03908e-05
1.08573,2.05233,0.05,0.0293173,-0.000236352,3.03481e-05
1.08573,2.05485,0.05,0.0293252,-0.000235756,3.03055e-05
1.08573,2.05737,0.05,0.0293332,-0.000235161,3.02629e-05
1.08573,2.05988,0.05,0.0293411,-0.000234566,3.02203e-05
1.08573,2.0624,0.05,0.029349,-0.000233971,3.01777e-05
1.08573,2.06491,0.05,0.0293569,-0.000233376,3.01351e-05
1.08573,2.06743,0.05,0.0293646,-0.000232728,3.00775e-05
1.08573,2.06994,0.05,0.0293719,-0.000232019,3.00024e-05
1.08573,2.07246,0.05,0.0293799,-0.000231652,2.99472e-05
1.08573,2.07498,0.05,0.0293877,-0.000231233,2.99105e-05
1.08573,2.07749,0.05,0.0293953,-0.000230662,2.99019e-05
1.08573,2.08001,0.05,0.0294029,-0.00023009,2.98933e-05
1.08573,2.08252,0.05,0.0294105,-0.000229519,2.98847e-05
1.08573,2.08504,0.05,0.0294181,-0.000228948,2.98762e-05
1.08573,2.08756,0.05,0.0294257,-0.000228377,2.98676e-05
1.08573,2.09007,0.05,0.0294333,-0.000227805,2.9859e-05
1.08573,2.09259,0.05,0.0294409,-0.000227234,2.98504e-05
1.08573,2.0951,0.05,0.0294485,-0.000226663,2.98419e-05
1.08573,2.09762,0.05,0.0294555,-0.000226,2.98878e-05
1.08573,2.10013,0.05,0.0294626,-0.00022541,2.99385e-05
1.08573,2.10265,0.05,0.0294701,-0.000225132,2.99486e-05
1.08573,2.10517,0.05,0.0294774,-0.000224639,2.99793e-05
1.08573,2.10768,0.05,0.0294846,-0.00022408,3.00163e-05
1.08573,2.1102,0.05,0.0294918,-0.000223522,3.00533e-05
1.08573,2.11271,0.05,0.029499,-0.000222963,3.00902e-05
1.08573,2.11523,0.05,0.0295062,-0.000222404,3.01272e-05
1.08573,2.11774,0.05,0.0295134,-0.000221846,3.01642e-05
1.08573,2.12026,0.05,0.0295207,-0.000221287,3.02012e-05
1.08573,2.12278,0.05,0.0295279,-0.000220728,3.02381e-05
1.08573,2.12529,0.05,0.029535,-0.000220144,3.02912e-05
1.08573,2.12781,0.05,0.0295418,-0.000219419,3.04341e-05
1.08573,2.13032,0.05,0.029549,-0.000218998,3.05196e-05
1.08573,2.13284,0.05,0.0295561,-0.000218636,3.05902e-05
1.08573,2.13535,0.05,0.0295631,-0.000218086,3.06868e-05
1.08573,2.13787,0.05,0.02957,-0.000217536,3.07833e-05
1.08573,2.14039,0.05,0.029577,-0.000216985,3.08799e-05
1.08573,2.1429,0.05,0.0295839,-0.000216435,3.09764e-05
1.08573,2.14542,0.05,0.0295909,-0.000215885,3.1073e-05
1.08573,2.14793,0.05,0.0295978,-0.000215335,3.11695e-05
1.08573,2.15045,0.05,0.0296048,-0.000214784,3.12661e-05
1.08573,2.15297,0.05,0.0296117,-0.000214234,3.13626e-05
1.08573,2.15548,0.05,0.0296184,-0.000213579,3.15366e-05
1.08573,2.158,0.05,0.0296251,-0.000212976,3.17355e-05
1.08573,2.16051,0.05,0.0296322,-0.000212658,3.18975e-05
1.08573,2.16303,0.05,0.0296389,-0.000212126,3.20204e-05
1.08573,2.16554,0.05,0.0296456,-0.00021157,3.21388e-05
1.08573,2.16806,0.05,0.0296522,-0.000211013,3.22571e-05
1.08573,2.17058,0.05,0.0296589,-0.000210457,3.23755e-05
1.08573,2.17309,0.05,0.0296656,-0.0002099,3.24939e-05
1.08573,2.17561,0.05,0.0296722,-0.000209343,3.26122e-05
1.08573,2.17812,0.05,0.0296789,-0.000208787,3.27306e-05
1.08573,2.18064,0.05,0.0296855,-0.00020823,3.2849e-05
1.08573,2.18315,0.05,0.029692,-0.000207635,3.29616e-05
1.08573,2.18567,0.05,0.029698,-0.000206954,3.30617e-05
1.08573,2.18819,0.05,0.0297047,-0.000206637,3.31735e-05
1.08573,2.1907,0.05,0.0297111,-0.000206158,3.33154e-05
1.08573,2.19322,0.05,0.0297174,-0.000205585,3.34734e-05
1.08573,2.19573,0.05,0.0297237,-0.000205011,3.36314e-05
1.08573,2.19825,0.05,0.0297299,-0.000204437,3.37893e-05
1.08573,2.20076,0.05,0.0297362,-0.000203864,3.39473e-05
1.08573,2.20328,0.05,0.0297424,-0.00020329,3.41053e-05
1.08573,2.2058,0.05,0.0297487,-0.000202716,3.42633e-05
1.08573,2.20831,0.05,0.029755,-0.000202143,3.44212e-05
1.08573,2.21083,0.05,0.0297611,-0.000201557,3.45845e-05
1.08573,2.21334,0.05,0.0297667,-0.00020085,3.47999e-05
1.08573,2.21586,0.05,0.0297728,-0.000200431,3.50336e-05
1.08573,2.21838,0.05,0.0297789,-0.000199967,3.53189e-05
1.08573,2.22089,0.05,0.0297847,-0.000199404,3.5644e-05
1.08573,2.22341,0.05,0.0297905,-0.000198841,3.59691e-05
1.08573,2.22592,0.05,0.0297963,-0.000198278,3.62943e-05
1.08573,2.22844,0.05,0.0298021,-0.000197715,3.66194e-05
1.08573,2.23095,0.05,0.0298079,-0.000197152,3.69446e-05
1.08573,2.23347,0.05,0.0298137,-0.000196589,3.72697e-05
1.08573,2.23599,0.05,0.0298195,-0.000196026,3.75949e-05
1.08573,2.2385,0.05,0.0298253,-0.000195462,3.79228e-05
1.08573,2.24102,0.05,0.0298304,-0.000194829,3.83753e-05
1.08573,2.24353,0.05,0.0298361,-0.00019445,3.88706e-05
1.08573,2.24605,0.05,0.0298417,-0.000194004,3.93741e-05
1.08573,2.24856,0.05,0.0298471,-0.00019346,3.98753e-05
1.08573,2.25108,0.05,0.0298525,-0.000192917,4.03766e-05
1.08573,2.2536,0.05,0.029858,-0.000192373,4.08778e-05
1.08573,2.25611,0.05,0.0298634,-0.00019183,4.1379e-05
1.08573,2.25863,0.05,0.0298688,-0.000191287,4.18802e-05
1.08573,2.26114,0.05,0.0298742,-0.000190743,4.23815e-05
1.08573,2.26366,0.05,0.0298796,-0.0001902,4.28827e-05
1.08573,2.26617,0.05,0.029885,-0.000189648,4.33881e-05
1.08573,2.26869,0.05,0.0298897,-0.000189029,4.39281e-05
1.08573,2.27121,0.05,0.0298951,-0.000188721,4.44885e-05
1.08573,2.27372,0.05,0.0299003,-0.000188241,4.50436e-05
1.08573,2.27624,0.05,0.0299053,-0.000187705,4.55967e-05
1.08573,2.27875,0.05,0.0299104,-0.000187169,4.61498e-05
1.08573,2.28127,0.05,0.0299155,-0.000186633,4.67029e-05
1.08573,2.28379,0.05,0.0299205,-0.000186097,4.7256e-05
1.08573,2.2863,0.05,0.0299256,-0.000185561,4.78092e-05
1.08573,2.28882,0.05,0.0299306,-0.000185025,4.83623e-05
1.08573,2.29133,0.05,0.0299357,-0.000184489,4.89154e-05
1.08573,2.29385,0.05,0.0299405,-0.000183922,4.94777e-05
1.08573,2.29636,0.05,0.0299451,-0.000183375,5.00398e-05
1.08573,2.29888,0.05,0.0299502,-0.000183052,5.05509e-05
1.08573,2.3014,0.05,0.0299549,-0.000182537,5.1085e-05
1.08573,2.30391,0.05,0.0299596,-0.000182023,5.16191e-05
1.08573,2.30643,0.05,0.0299642,-0.000181509,5.21532e-05
1.08573,2.30894,0.05,0.0299689,-0.000180995,5.26874e-05
1.08573,2.31146,0.05,0.0299736,-0.00018048,5.32215e-05
1.08573,2.31397,0.05,0.0299782,-0.000179966,5.37556e-05
1.08573,2.31649,0.05,0.0299829,-0.000179452,5.42897e-05
1.08573,2.31901,0.05,0.0299876,-0.000178938,5.48239e-05
1.08573,2.32152,0.05,0.0299917,-0.000178372,5.54048e-05
1.08573,2.32404,0.05,0.0299963,-0.000178003,5.59768e-05
1.08573,2.32655,0.05,0.0300007,-0.000177574,5.65512e-05
1.08573,2.32907,0.05,0.030005,-0.000177073,5.71313e-05
1.08573,2.33158,0.05,0.0300092,-0.000176573,5.77114e-05
1.08573,2.3341,0.05,0.0300135,-0.000176073,5.82915e-05
1.08573,2.33662,0.05,0.0300178,-0.000175573,5.88716e-05
1.08573,2.33913,0.05,0.0300221,-0.000175072,5.94517e-05
1.08573,2.34165,0.05,0.0300263,-0.000174572,6.00318e-05
1.08573,2.34416,0.05,0.0300306,-0.000174072,6.06119e-05
1.08573,2.34668,0.05,0.0300345,-0.000173554,6.12027e-05
1.08573,2.3492,0.05,0.0300383,-0.000173107,6.18453e-05
1.08573,2.35171,0.05,0.0300425,-0.000172747,6.25504e-05
1.08573,2.35423,0.05,0.0300463,-0.000172255,6.32611e-05
1.08573,2.35674,0.05,0.0300501,-0.000171764,6.39717e-05
1.08573,2.35926,0.05,0.0300539,-0.000171272,6.46823e-05
1.08573,2.36177,0.05,0.0300577,-0.000170781,6.53929e-05
1.08573,2.36429,0.05,0.0300615,-0.000170289,6.61035e-05
1.08573,2.36681,0.05,0.0300653,-0.000169798,6.68141e-05
1.08573,2.36932,0.05,0.030069,-0.000169306,6.75247e-05
1.08573,2.37184,0.05,0.0300727,-0.000168813,6.82262e-05
1.08573,2.37435,0.05,0.0300757,-0.000168362,6.89126e-05
1.08573,2.37687,0.05,0.0300793,-0.00016805,6.9687e-05
1.08573,2.37938,0.05,0.0300825,-0.000167589,7.04272e-05
1.08573,2.3819,0.05,0.0300857,-0.000167129,7.11675e-05
1.08573,2.38442,0.05,0.0300888,-0.000166668,7.19078e-05
1.08573,2.38693,0.05,0.030092,-0.000166208,7.26481e-05
1.08573,2.38945,0.05,0.0300951,-0.000165747,7.33884e-05
1.08573,2.39196,0.05,0.0300983,-0.000165286,7.41286e-05
1.08573,2.39448,0.05,0.0301014,-0.000164826,7.48689e-05
1.08573,2.39699,0.05,0.0301044,-0.000164366,7.55835e-05
1.08573,2.39951,0.05,0.0301067,-0.000163975,7.61833e-05
1.08573,2.40203,0.05,0.0301096,-0.000163692,7.68278e-05
1.08573,2.40454,0.05,0.030112,-0.000163261,7.74457e-05
1.08573,2.40706,0.05,0.0301144,-0.000162829,7.80636e-05
1.08573,2.40957,0.05,0.0301168,-0.000162398,7.86815e-05
1.08573,2.41209,0.05,0.0301192,-0.000161967,7.92995e-05
1.08573,2.41461,0.05,0.0301216,-0.000161536,7.99174e-05
1.08573,2.41712,0.05,0.030124,-0.000161105,8.05353e-05
1.08573,2.41964,0.05,0.0301264,-0.000160674,8.11533e-05
1.08573,2.42215,0.05,0.0301284,-0.000160233,8.17278e-05
1.08573,2.42467,0.05,0.0301302,-0.000159902,8.22244e-05
1.08573,2.42718,0.05,0.030132,-0.000159566,8.2718e-05
1.08573,2.4297,0.05,0.0301336,-0.000159155,8.32068e-05
1.08573,2.43222,0.05,0.0301352,-0.000158744,8.36956e-05
1.08573,2.43473,0.05,0.0301368,-0.000158333,8.41844e-05
1.08573,2.43725,0.05,0.0301383,-0.000157921,8.46732e-05
1.08573,2.43976,0.05,0.0301399,-0.00015751,8.5162e-05
1.08573,2.44228,0.05,0.0301415,-0.000157099,8.56508e-05
1.08573,2.44479,0.05,0.0301431,-0.000156687,8.61396e-05
1.08573,2.44731,0.05,0.0301439,-0.000156256,8.66019e-05
1.08573,2.44983,0.05,0.0301452,-0.000156035,8.70554e-05
1.08573,2.45234,0.05,0.0301459,-0.000155648,8.75038e-05
1.08573,2.45486,0.05,0.0301466,-0.00015526,8.79523e-05
1.08573,2.45737,0.05,0.0301474,-0.000154873,8.84007e-05
1.08573,2.45989,0.05,0.0301481,-0.000154485,8.88491e-05
1.08573,2.4624,0.05,0.0301489,-0.000154098,8.92975e-05
1.08573,2.46492,0.05,0.0301496,-0.00015371,8.97459e-05
1.08573,2.46744,0.05,0.0301504,-0.000153322,9.01943e-05
1.08573,2.46995,0.05,0.0301508,-0.000152924,9.06477e-05
1.08573,2.47247,0.05,0.030151,-0.000152648,9.11215e-05
1.08573,2.47498,0.05,0.0301509,-0.000152309,9.16398e-05
1.08573,2.4775,0.05,0.0301508,-0.000151931,9.21662e-05
1.08573,2.48002,0.05,0.0301506,-0.000151552,9.26926e-05
1.08573,2.48253,0.05,0.0301504,-0.000151173,9.3219e-05
1.08573,2.48505,0.05,0.0301502,-0.000150794,9.37454e-05
1.08573,2.48756,0.05,0.0301501,-0.000150416,9.42718e-05
1.08573,2.49008,0.05,0.0301499,-0.000150037,9.47982e-05
1.08573,2.49259,0.05,0.0301496,-0.000149655,9.53342e-05
1.08573,2.49511,0.05,0.0301486,-0.000149351,9.59266e-05
1.08573,2.49763,0.05,0.0301475,-0.000149044,9.65235e-05
1.08573,2.50014,0.05,0.0301463,-0.000148677,9.71284e-05
1.08573,2.50266,0.05,0.030145,-0.000148311,9.77333e-05
1.08573,2.50517,0.05,0.0301438,-0.000147944,9.83383e-05
1.08573,2.50769,0.05,0.0301425,-0.000147577,9.89432e-05
1.08573,2.5102,0.05,0.0301413,-0.000147211,9.95481e-05
1.08573,2.51272,0.05,0.03014,-0.000146844,0.000100153
1.08573,2.51524,0.05,0.0301386,-0.000146475,0.000100764
1.08573,2.51775,0.05,0.0301365,-0.000146217,0.0001014
1.08573,2.52027,0.05,0.0301343,-0.000145906,0.000101942
1.08573,2.52278,0.05,0.030132,-0.000145554,0.000102466
1.08573,2.5253,0.05,0.0301297,-0.000145203,0.00010299
1.08573,2.52781,0.05,0.0301273,-0.000144851,0.000103515
1.08573,2.53033,0.05,0.030125,-0.0001445,0.000104039
1.08573,2.53285,0.05,0.0301227,-0.000144148,0.000104564
1.08573,2.53536,0.05,0.0301203,-0.000143797,0.000105088
1.08573,2.53788,0.05,0.0301176,-0.000143433,0.000105569
1.08573,2.54039,0.05,0.0301147,-0.000143211,0.000105984
1.08573,2.54291,0.05,0.0301114,-0.00014287,0.000106314
1.08573,2.54543,0.05,0.0301081,-0.000142528,0.000106644
1.08573,2.54794,0.05,0.0301047,-0.000142186,0.000106973
1.08573,2.55046,0.05,0.0301014,-0.000141845,0.000107303
1.08573,2.55297,0.05,0.0300981,-0.000141503,0.000107633
1.08573,2.55549,0.05,0.0300948,-0.000141162,0.000107963
1.08573,2.558,0.05,0.0300915,-0.00014082,0.000108292
1.08573,2.56052,0.05,0.0300875,-0.000140536,0.000108489
1.08573,2.56304,0.05,0.0300835,-0.000140288,0.000108666
1.08573,2.56555,0.05,0.0300793,-0.000139969,0.000108828
1.08573,2.56807,0.05,0.0300751,-0.00013965,0.000108991
1.08573,2.57058,0.05,0.0300708,-0.00013933,0.000109153
1.08573,2.5731,0.05,0.0300666,-0.000139011,0.000109316
1.08573,2.57561,0.05,0.0300624,-0.000138692,0.000109478
1.08573,2.57813,0.05,0.0300582,-0.000138372,0.000109641
1.08573,2.58065,0.05,0.0300534,-0.000138047,0.000109755
1.08573,2.58316,0.05,0.0300486,-0.000137857,0.000109868
1.08573,2.58568,0.05,0.0300435,-0.00013756,0.000109987
1.08573,2.58819,0.05,0.0300383,-0.000137263,0.000110106
1.08573,2.59071,0.05,0.0300332,-0.000136966,0.000110226
1.08573,2.59322,0.05,0.030028,-0.000136669,0.000110345
1.08573,2.59574,0.05,0.0300229,-0.000136372,0.000110464
1.08573,2.59826,0.05,0.0300177,-0.000136075,0.000110583
1.08573,2.60077,0.05,0.0300121,-0.000135781,0.000110705
1.08573,2.60329,0.05,0.0300063,-0.000135607,0.000110875
1.08573,2.6058,0.05,0.0300001,-0.000135332,0.000111055
1.08573,2.60832,0.05,0.0299939,-0.000135057,0.000111235
1.08573,2.61084,0.05,0.0299877,-0.000134782,0.000111415
1.08573,2.61335,0.05,0.0299816,-0.000134506,0.000111596
1.08573,2.61587,0.05,0.0299754,-0.000134231,0.000111776
1.08573,2.61838,0.05,0.0299692,-0.000133956,0.000111956
1.08573,2.6209,0.05,0.0299624,-0.000133694,0.000112155
1.08573,2.62341,0.05,0.0299555,-0.000133533,0.000112386
1.08573,2.62593,0.05,0.0299482,-0.000133289,0.000112636
1.08573,2.62845,0.05,0.0299409,-0.000133045,0.000112887
1.08573,2.63096,0.05,0.0299336,-0.000132801,0.000113138
1.08573,2.63348,0.05,0.0299263,-0.000132557,0.000113389
1.08573,2.63599,0.05,0.0299191,-0.000132313,0.000113639
1.08573,2.63851,0.05,0.0299118,-0.000132069,0.00011389
1.08573,2.64102,0.05,0.0299038,-0.000131928,0.000114199
1.08573,2.64354,0.05,0.0298955,-0.000131715,0.000114525
1.08573,2.64606,0.05,0.0298871,-0.000131498,0.000114851
1.08573,2.64857,0.05,0.0298787,-0.000131281,0.000115178
1.08573,2.65109,0.05,0.0298703,-0.000131064,0.000115504
1.08573,2.6536,0.05,0.029862,-0.000130847,0.000115831
1.08573,2.65612,0.05,0.0298536,-0.00013063,0.000116157
1.08573,2.65863,0.05,0.0298447,-0.00013042,0.000116527
1.08573,2.66115,0.05,0.0298356,-0.000130304,0.000116881
1.08573,2.66367,0.05,0.0298261,-0.000130109,0.00011723
1.08573,2.66618,0.05,0.0298166,-0.000129914,0.000117579
1.08573,2.6687,0.05,0.0298072,-0.00012972,0.000117928
1.08573,2.67121,0.05,0.0297977,-0.000129525,0.000118277
1.08573,2.67373,0.05,0.0297882,-0.00012933,0.000118626
1.08573,2.67625,0.05,0.0297786,-0.00012914,0.000118981
1.08573,2.67876,0.05,0.0297683,-0.000129038,0.00011929
1.08573,2.68128,0.05,0.0297577,-0.000128873,0.000119553
1.08573,2.68379,0.05,0.0297471,-0.000128709,0.000119816
1.08573,2.68631,0.05,0.0297366,-0.000128544,0.000120079
1.08573,2.68882,0.05,0.029726,-0.00012838,0.000120342
1.08573,2.69134,0.05,0.0297155,-0.000128215,0.000120605
1.08573,2.69386,0.05,0.0297047,-0.000128059,0.000120865
1.08573,2.69637,0.05,0.0296933,-0.000127993,0.000121029
1.08573,2.69889,0.05,0.0296817,-0.000127863,0.000121151
1.08573,2.7014,0.05,0.0296701,-0.000127732,0.000121272
1.08573,2.70392,0.05,0.0296584,-0.000127601,0.000121394
1.08573,2.70643,0.05,0.0296468,-0.00012747,0.000121515
1.08573,2.70895,0.05,0.0296352,-0.000127339,0.000121637
1.08573,2.71147,0.05,0.0296231,-0.000127232,0.000121743
1.08573,2.71398,0.05,0.0296106,-0.000127194,0.000121726
1.08573,2.7165,0.05,0.0295978,-0.000127102,0.000121696
1.08573,2.71901,0.05,0.0295851,-0.000127011,0.000121665
1.08573,2.72153,0.05,0.0295723,-0.000126919,0.000121635
1.08573,2.72404,0.05,0.0295596,-0.000126827,0.000121605
1.08573,2.72656,0.05,0.0295468,-0.000126736,0.000121575
1.08573,2.72908,0.05,0.0295333,-0.000126733,0.000121483
1.08573,2.73159,0.05,0.0295193,-0.000126682,0.000121322
1.08573,2.73411,0.05,0.0295053,-0.000126631,0.000121161
1.08573,2.73662,0.05,0.0294912,-0.00012658,0.000121001
1.08573,2.73914,0.05,0.0294772,-0.000126529,0.00012084
1.08573,2.74166,0.05,0.0294632,-0.000126478,0.000120679
1.08573,2.74417,0.05,0.0294487,-0.000126464,0.000120506
1.08573,2.74669,0.05,0.0294333,-0.000126473,0.000120296
1.08573,2.7492,0.05,0.0294179,-0.000126452,0.000120089
1.08573,2.75172,0.05,0.0294024,-0.000126431,0.000119883
1.08573,2.75423,0.05,0.0293869,-0.00012641,0.000119676
1.08573,2.75675,0.05,0.0293714,-0.000126389,0.000119469
1.08573,2.75927,0.05,0.0293556,-0.000126373,0.000119267
1.08573,2.76178,0.05,0.0293389,-0.000126422,0.00011908
1.08573,2.7643,0.05,0.0293218,-0.000126422,0.0001189
1.08573,2.76681,0.05,0.0293048,-0.000126422,0.000118721
1.08573,2.76933,0.05,0.0292878,-0.000126422,0.000118542
1.08573,2.77184,0.05,0.0292707,-0.000126422,0.000118363
1.08573,2.77436,0.05,0.0292533,-0.000126433,0.000118183
1.08573,2.77688,0.05,0.0292349,-0.000126495,0.000117994
1.08573,2.77939,0.05,0.0292162,-0.000126516,0.000117803
1.08573,2.78191,0.05,0.0291975,-0.000126537,0.000117613
1.08573,2.78442,0.05,0.0291788,-0.000126558,0.000117422
1.08573,2.78694,0.05,0.0291602,-0.00012658,0.000117231
1.08573,2.78945,0.05,0.0291409,-0.000126655,0.000117018
1.08573,2.79197,0.05,0.0291205,-0.000126694,0.000116777
1.08573,2.79449,0.05,0.0291001,-0.000126732,0.000116535
1.08573,2.797,0.05,0.0290797,-0.000126771,0.000116293
1.08573,2.79952,0.05,0.0290593,-0.00012681,0.000116052
1.08573,2.80203,0.05,0.0290388,-0.000126849,0.00011581
1.08573,2.80455,0.05,0.029017,-0.000126939,0.000115562
1.08573,2.80707,0.05,0.0289947,-0.000126988,0.000115317
1.08573,2.80958,0.05,0.0289724,-0.000127037,0.000115073
1.08573,2.8121,0.05,0.0289501,-0.000127085,0.000114828
1.08573,2.81461,0.05,0.0289278,-0.000127134,0.000114584
1.08573,2.81713,0.05,0.0289047,-0.000127223,0.00011436
1.08573,2.81964,0.05,0.0288804,-0.000127275,0.000114147
1.08573,2.82216,0.05,0.028856,-0.000127326,0.000113934
1.08573,2.82468,0.05,0.0288317,-0.000127377,0.000113721
1.08573,2.82719,0.05,0.0288073,-0.000127428,0.000113508
1.08573,2.82971,0.05,0.0287825,-0.000127515,0.000113303
1.08573,2.83222,0.05,0.0287558,-0.000127562,0.000113115
1.08573,2.83474,0.05,0.028729,-0.00012761,0.000112927
1.08573,2.83725,0.05,0.0287023,-0.000127658,0.000112739
1.08573,2.83977,0.05,0.0286756,-0.000127705,0.000112551
1.08573,2.84229,0.05,0.0286483,-0.000127784,0.000112362
1.08573,2.8448,0.05,0.0286188,-0.00012782,0.000112192
1.08573,2.84732,0.05,0.0285892,-0.000127855,0.000112022
1.08573,2.84983,0.05,0.0285597,-0.000127891,0.000111852
1.08573,2.85235,0.05,0.0285302,-0.000127927,0.000111682
1.08573,2.85486,0.05,0.0284994,-0.000127985,0.000111503
1.08573,2.85738,0.05,0.0284664,-0.000128,0.000111316
1.08573,2.8599,0.05,0.0284335,-0.000128014,0.000111129
1.08573,2.86241,0.05,0.0284006,-0.000128029,0.000110942
1.08573,2.86493,0.05,0.0283676,-0.000128044,0.000110756
1.08573,2.86744,0.05,0.0283316,-0.000128059,0.000110539
1.08573,2.86996,0.05,0.0282944,-0.000128035,0.000110316
1.08573,2.87248,0.05,0.0282573,-0.000128011,0.000110094
1.08573,2.87499,0.05,0.0282202,-0.000127986,0.000109872
1.08573,2.87751,0.05,0.0281816,-0.000127972,0.000109649
1.08573,2.88002,0.05,0.0281394,-0.000127892,0.000109437
1.08573,2.88254,0.05,0.0280971,-0.000127812,0.000109225
1.08573,2.88505,0.05,0.0280549,-0.000127732,0.000109013
1.08573,2.88757,0.05,0.0280125,-0.000127654,0.000108805
1.08573,2.89009,0.05,0.0279642,-0.000127526,0.000108644
1.08573,2.8926,0.05,0.0279156,-0.000127373,0.000108488
1.08573,2.89512,0.05,0.0278669,-0.00012722,0.000108333
1.08573,2.89763,0.05,0.0278183,-0.000127067,0.000108177
1.08573,2.90015,0.05,0.027763,-0.000126853,0.00010806
1.08573,2.90266,0.05,0.0277062,-0.000126598,0.00010795
1.08573,2.90518,0.05,0.0276495,-0.000126342,0.00010784
1.08573,2.9077,0.05,0.0275928,-0.000126087,0.000107731
1.08573,2.91021,0.05,0.0275275,-0.000125742,0.00010763
1.08573,2.91273,0.05,0.0274607,-0.000125356,0.000107533
1.08573,2.91524,0.05,0.0273939,-0.00012497,0.000107435
1.08573,2.91776,0.05,0.0273266,-0.000124586,0.000107337
1.08573,2.92027,0.05,0.027247,-0.000124039,0.000107239
1.08573,2.92279,0.05,0.0271671,-0.000123476,0.000107141
1.08573,2.92531,0.05,0.0270871,-0.000122914,0.000107043
1.08573,2.92782,0.05,0.0270016,-0.000122292,0.000106942
1.08573,2.93034,0.05,0.0269046,-0.000121505,0.000106832
1.08573,2.93285,0.05,0.0268076,-0.000120718,0.000106723
1.08573,2.93537,0.05,0.0267107,-0.000119931,0.000106614
1.08573,2.93789,0.05,0.0265972,-0.000118956,0.00010647
1.08573,2.9404,0.05,0.0264792,-0.000117911,0.000106314
1.08573,2.94292,0.05,0.0263612,-0.000116866,0.000106159
1.08573,2.94543,0.05,0.0262323,-0.00011571,0.000105952
1.08573,2.94795,0.05,0.0260861,-0.000114347,0.000105659
1.08573,2.95046,0.05,0.0259398,-0.000112984,0.000105365
1.08573,2.95298,0.05,0.0257888,-0.000111582,0.000105039
1.08573,2.9555,0.05,0.0256053,-0.000109834,0.000104471
1.08573,2.95801,0.05,0.0254217,-0.000108086,0.000103903
1.08573,2.96053,0.05,0.0252377,-0.000106336,0.00010333
1.08573,2.96304,0.05,0.0250087,-0.000104181,0.000102378
1.08573,2.96556,0.05,0.0247788,-0.000102012,0.000101418
1.08573,2.96807,0.05,0.0245487,-9.98419e-05,0.000100455
1.08573,2.97059,0.05,0.0242601,-9.72197e-05,9.90197e-05
1.08573,2.97311,0.05,0.0239705,-9.45834e-05,9.75765e-05
1.08573,2.97562,0.05,0.0236725,-9.18969e-05,9.60715e-05
1.08573,2.97814,0.05,0.0233048,-8.87351e-05,9.40643e-05
1.08573,2.98065,0.05,0.0229371,-8.55733e-05,9.2057e-05
1.08573,2.98317,0.05,0.0225348,-8.22267e-05,8.98334e-05
1.08573,2.98568,0.05,0.0220666,-7.8516e-05,8.72037e-05
1.08573,2.9882,0.05,0.0215985,-7.48053e-05,8.45741e-05
1.08573,2.99072,0.05,0.0210416,-7.07213e-05,8.15007e-05
1.08573,2.99323,0.05,0.0204465,-6.64733e-05,7.82392e-05
1.08573,2.99575,0.05,0.0198254,-6.21492e-05,7.48799e-05
1.08573,2.99826,0.05,0.019076,-5.74389e-05,7.10463e-05
1.08573,3.00078,0.05,0.0183266,-5.27286e-05,6.72127e-05
1.08573,3.0033,0.05,0.0174456,-4.78055e-05,6.30397e-05
1.08573,3.00581,0.05,0.0165206,-4.28102e-05,5.87541e-05
1.08573,3.00833,0.05,0.015515,-3.7805e-05,5.4331e-05
1.08573,3.01084,0.05,0.0144067,-3.27861e-05,4.97337e-05
1.08573,3.01336,0.05,0.0132579,-2.78399e-05,4.50891e-05
1.08573,3.01587,0.05,0.0119808,-2.31251e-05,4.02952e-05
1.08573,3.01839,0.05,0.0106835,-1.85031e-05,3.54824e-05
1.08573,3.02091,0.05,0.00927328,-1.4403e-05,3.05638e-05
1.08573,3.02342,0.05,0.00784622,-1.04292e-05,2.56278e-05
1.08573,3.02594,0.05,0.0063401,-7.04772e-06,2.06098e-05
1.08573,3.02845,0.05,0.00481325,-4.11778e-06,1.55645e-05
1.08573,3.03097,0.05,0.00324225,-2.15141e-06,1.04608e-05
1.08573,3.03348,0.05,0.00163405,-8.46173e-07,5.2631e-06
1.08573,3.036,0.05,0,0,0
