,label
17,4
18,4
20,4
22,4
24,4
26,4
27,4
29,4
30,4
46,4
56,4
63,4
68,4
73,4
77,4
81,4
84,4
85,4
87,4
89,4
90,4
92,4
93,4
94,4
96,4
97,4
98,4
100,4
102,4
103,4
104,4
106,4
107,4
108,4
109,4
110,4
111,4
112,4
113,4
114,4
115,4
116,4
117,4
138,4
139,4
140,4
141,4
142,4
143,4
144,4
145,4
146,4
147,4
149,4
150,4
151,4
152,4
153,4
154,4
155,4
156,4
157,4
159,4
160,4
161,4
162,4
163,4
164,4
165,4
166,4
167,4
168,4
169,4
170,4
171,4
172,4
174,4
175,4
176,4
177,4
178,4
179,4
180,4
181,4
183,4
184,4
187,4
188,4
189,4
195,4
198,4
201,4
205,4
207,4
209,4
212,4
215,4
216,4
219,4
221,4
223,4
226,4
227,4
230,4
233,4
235,4
239,4
241,4
244,4
246,4
248,4
249,4
250,4
251,4
252,4
253,4
255,4
256,4
257,4
258,4
260,4
261,4
262,4
263,4
265,4
266,4
268,4
269,4
270,4
272,4
275,4
276,4
277,4
279,4
280,4
281,4
283,4
285,4
286,4
287,4
289,4
290,4
291,4
294,4
296,4
297,4
298,4
300,4
301,4
302,4
304,4
305,4
306,4
309,4
310,4
311,4
312,4
313,4
315,4
316,4
317,4
318,4
319,4
321,4
322,4
324,4
325,4
327,4
328,4
329,4
330,4
331,4
332,4
420,4
423,4
428,4
433,4
437,4
443,4
447,4
454,4
466,4
477,4
480,4
484,4
486,4
489,4
496,4
499,4
503,4
504,4
506,4
508,4
511,4
516,4
517,4
519,4
523,4
528,4
531,4
534,4
536,4
538,4
543,4
545,4
546,4
552,4
553,4
557,4
559,4
562,4
566,4
568,4
569,4
570,4
574,4
581,4
596,4
598,4
600,4
602,4
607,4
609,4
610,4
611,4
612,4
613,4
615,4
618,4
621,4
629,4
630,4
636,4
637,4
641,4
642,4
649,4
650,4
651,4
653,4
656,4
657,4
658,4
659,4
663,4
667,4
668,4
673,4
674,4
675,4
678,4
682,4
683,4
684,4
685,4
687,4
688,4
691,4
693,4
696,4
698,4
699,4
701,4
702,4
704,4
705,4
706,4
707,4
708,4
711,4
712,4
713,4
714,4
715,4
716,4
718,4
719,4
720,4
723,4
726,4
727,4
728,4
730,4
735,4
736,4
738,4
740,4
742,4
743,4
748,4
751,4
752,4
753,4
754,4
760,4
764,4
766,4
769,4
772,4
773,4
774,4
776,4
777,4
778,4
779,4
780,4
783,4
784,4
790,4
791,4
794,4
795,4
796,4
797,4
798,4
800,4
801,4
803,4
806,4
807,4
808,4
810,4
814,4
815,4
816,4
817,4
818,4
822,4
824,4
827,4
829,4
830,4
832,4
834,4
835,4
836,4
838,4
840,4
844,4
847,4
848,4
851,4
852,4
853,4
854,4
855,4
856,4
858,4
859,4
862,4
864,4
865,4
866,4
867,4
868,4
871,4
872,4
874,4
875,4
877,4
879,4
880,4
881,4
882,4
883,4
886,4
889,4
892,4
893,4
894,4
897,4
902,4
905,4
906,4
907,4
908,4
909,4
910,4
911,4
912,4
913,4
914,4
915,4
917,4
918,4
919,4
920,4
921,4
922,4
923,4
924,4
925,4
926,4
927,4
928,4
929,4
930,4
931,4
932,4
933,4
934,4
935,4
936,4
937,4
938,4
939,4
940,4
941,4
942,4
943,4
944,4
945,4
946,4
947,4
948,4
949,4
950,4
951,4
952,4
953,4
954,4
955,4
956,4
957,4
958,4
959,4
960,4
961,4
962,4
963,4
964,4
965,4
966,4
967,4
968,4
969,4
970,4
971,4
972,4
973,4
974,4
975,4
976,4
977,4
978,4
979,4
980,4
981,4
982,4
983,4
984,4
985,4
986,4
987,4
988,4
989,4
990,4
991,4
992,4
993,4
994,4
995,4
996,4
997,4
998,4
999,4
1000,4
1001,4
1002,4
1003,4
1004,4
1005,4
1006,4
1007,4
1008,4
1009,4
1010,4
1011,4
1012,4
1013,4
1014,4
1015,4
1016,4
1017,4
1018,4
1019,4
1020,4
1021,4
1022,4
1023,4
1024,4
1025,4
1026,4
1027,4
1028,4
1029,4
1030,4
1031,4
1032,4
1033,4
1034,4
1035,4
1036,4
1037,4
1038,4
1039,4
1040,4
1041,4
1042,4
1043,4
1044,4
1045,4
1046,4
1047,4
1048,4
1049,4
1050,4
1051,4
1052,4
1053,4
1054,4
1055,4
1056,4
1057,4
1058,4
1059,4
1060,4
1061,4
1062,4
1063,4
1064,4
1065,4
1066,4
1067,4
1068,4
1069,4
1070,4
1071,4
1072,4
1073,4
1074,4
1075,4
1076,4
1077,4
1078,4
1079,4
1080,4
1081,4
1083,4
1084,4
1085,4
1086,4
1087,4
1088,4
1089,4
1090,4
1091,4
1093,4
1094,4
1095,4
1096,4
1097,4
1098,4
1099,4
1100,4
1101,4
1102,4
1103,4
1104,4
1105,4
1106,4
1107,4
1108,4
1109,4
1110,4
1111,4
1112,4
1113,4
1114,4
1115,4
1116,4
1117,4
1118,4
1119,4
1120,4
1121,4
1122,4
1123,4
1124,4
1125,4
1126,4
1127,4
1128,4
1129,4
1130,4
1131,4
1132,4
1133,4
1134,4
1135,4
1136,4
1137,4
1138,4
1139,4
1140,4
1141,4
1142,4
1143,4
1144,4
1145,4
1146,4
1147,4
1148,4
1149,4
1150,4
1151,4
1152,4
1153,4
1154,4
1155,4
1156,4
1157,4
1158,4
1159,4
1160,4
1161,4
1162,4
1163,4
1164,4
1165,4
1166,4
1168,4
1169,4
1170,4
1171,4
1172,4
1173,4
1174,4
1175,4
1176,4
1177,4
1178,4
1179,4
1180,4
1181,4
1182,4
1183,4
1184,4
1185,4
1186,4
1187,4
1188,4
1190,4
1191,4
1192,4
1193,4
1194,4
1195,4
1196,4
1197,4
1198,4
1199,4
1200,4
1201,4
1202,4
1203,4
1204,4
1205,4
1206,4
1207,4
1208,4
1209,4
1210,4
1211,4
1212,4
1213,4
1214,4
1215,4
1216,4
1217,4
1218,4
1219,4
1220,4
1221,4
1222,4
1223,4
1224,4
1225,4
1226,4
1227,4
1228,4
1229,4
1230,4
1231,4
1232,4
1233,4
1234,4
1235,4
1236,4
1237,4
1238,4
1239,4
1240,4
1241,4
1242,4
1243,4
1244,4
1245,4
1246,4
1247,4
1248,4
1249,4
1250,4
1251,4
1252,4
1253,4
1254,4
1255,4
1256,4
1257,4
1258,4
1259,4
1260,4
1261,4
1262,4
1263,4
1264,4
1265,4
1266,4
1267,4
1268,4
1269,4
1270,4
1271,4
1272,4
1273,4
1274,4
1275,4
1276,4
1277,4
1278,4
1279,4
1280,4
1281,4
1282,4
1283,4
1284,4
1285,4
1286,4
1287,4
1288,4
1289,4
1290,4
1291,4
1292,4
1293,4
1294,4
1295,4
1296,4
1297,4
1298,4
1300,4
1301,4
1302,4
1303,4
1304,4
1305,4
1306,4
1307,4
1308,4
1309,4
1310,4
1311,4
1312,4
1313,4
1314,4
1315,4
1316,4
1317,4
1318,4
1319,4
1320,4
1321,4
1322,4
1323,4
1324,4
1325,4
1326,4
1327,4
1328,4
1329,4
1330,4
1331,4
1332,4
1333,4
1334,4
1335,4
1336,4
1337,4
1338,4
1339,4
1340,4
1341,4
1342,4
1343,4
1344,4
1345,4
1346,4
1347,4
1348,4
1349,4
1350,4
1351,4
1352,4
1354,4
1356,4
1357,4
1359,4
1360,4
1361,4
1363,4
1364,4
1366,4
1367,4
1368,4
1369,4
1370,4
1371,4
1372,4
1373,4
1374,4
1376,4
1378,4
1379,4
1380,4
1382,4
1383,4
1384,4
1385,4
1386,4
1388,4
1389,4
1390,4
1391,4
1393,4
1395,4
1396,4
1398,4
1399,4
1400,4
1401,4
1403,4
1404,4
1405,4
1408,4
1409,4
1410,4
1411,4
1412,4
1414,4
1416,4
1417,4
1419,4
1420,4
1421,4
1422,4
1423,4
1424,4
1429,4
1431,4
1432,4
1433,4
1435,4
1436,4
1442,4
1443,4
1444,4
1445,4
1446,4
1447,4
1448,4
1449,4
1450,4
1452,4
1453,4
1455,4
1456,4
1457,4
1458,4
1459,4
1462,4
1463,4
1465,4
1466,4
1467,4
1468,4
1470,4
1471,4
1474,4
1475,4
1478,4
1479,4
1483,4
1484,4
1485,4
1487,4
1489,4
1491,4
1492,4
1493,4
1498,4
1499,4
1502,4
1505,4
1506,4
1508,4
1509,4
1510,4
1513,4
1514,4
1515,4
1518,4
1519,4
1520,4
1522,4
1523,4
1525,4
1527,4
1529,4
1531,4
1532,4
1533,4
1534,4
1540,4
1541,4
1545,4
1546,4
1547,4
1549,4
1551,4
1552,4
1557,4
1559,4
1560,4
1561,4
1563,4
1567,4
1568,4
1570,4
1571,4
1573,4
1574,4
1575,4
1576,4
1577,4
1582,4
1583,4
1584,4
1587,4
1591,4
1596,4
1598,4
1599,4
1601,4
1602,4
1604,4
1607,4
1609,4
1610,4
1611,4
1612,4
1613,4
1615,4
1616,4
1617,4
1618,4
1619,4
1621,4
1625,4
1630,4
1633,4
1636,4
1639,4
1641,4
1644,4
1647,4
1649,4
1651,4
1654,4
1655,4
1656,4
1658,4
1660,4
1662,4
1663,4
1664,4
1669,4
1670,4
1672,4
1676,4
1677,4
1678,4
1681,4
1682,4
1688,4
1691,4
1694,4
1695,4
1696,4
1699,4
1701,4
1703,4
1704,4
1709,4
1713,4
1715,4
1716,4
1717,4
1719,4
1720,4
1722,4
1723,4
1725,4
1731,4
1734,4
1735,4
1737,4
1740,4
1743,4
1747,4
1749,4
1754,4
1755,4
1757,4
1758,4
1759,4
1761,4
1765,4
1770,4
1772,4
1774,4
1775,4
1783,4
1789,4
1790,4
1793,4
1794,4
1796,4
1798,4
1807,4
1808,4
1811,4
1812,4
1814,4
1815,4
1820,4
1821,4
1822,4
1825,4
1830,4
1832,4
1835,4
1836,4
1839,4
1842,4
1847,4
1849,4
1851,4
1853,4
1854,4
1857,4
1858,4
1860,4
1867,4
1869,4
1875,4
1876,4
1878,4
1880,4
1888,4
1889,4
1892,4
1894,4
1895,4
1897,4
1901,4
1906,4
1907,4
1909,4
1916,4
1928,4
1929,4
1930,4
1931,4
1934,4
1936,4
1939,4
1944,4
1945,4
1948,4
1949,4
1950,4
1951,4
1961,4
1964,4
1965,4
1969,4
1972,4
1974,4
1977,4
1981,4
1983,4
1986,4
1988,4
2001,4
2004,4
2006,4
2009,4
2011,4
2016,4
2018,4
2019,4
2020,4
2033,4
2037,4
2042,4
2043,4
2045,4
2046,4
2051,4
2052,4
2053,4
2061,4
2063,4
2065,4
2066,4
2069,4
2070,4
2074,4
2078,4
2087,4
2089,4
2090,4
2091,4
2094,4
2095,4
2100,4
2102,4
2105,4
2113,4
2116,4
2119,4
2121,4
2123,4
2124,4
2127,4
2128,4
2131,4
2139,4
2142,4
2143,4
2149,4
2151,4
2155,4
2156,4
2157,4
2163,4
2165,4
2167,4
2168,4
2174,4
2175,4
2176,4
2185,4
2190,4
2197,4
2198,4
2200,4
2202,4
2208,4
2209,4
2211,4
2213,4
2214,4
2215,4
2216,4
2222,4
2223,4
2225,4
2227,4
2230,4
2233,4
2243,4
2244,4
2245,4
2254,4
2257,4
2261,4
2262,4
2264,4
2265,4
2266,4
2267,4
2269,4
2273,4
2274,4
2277,4
2282,4
2287,4
2289,4
2290,4
2294,4
2300,4
2301,4
2304,4
2306,4
2310,4
2321,4
2327,4
2328,4
2330,4
2331,4
2335,4
2346,4
2347,4
2354,4
2355,4
2358,4
2361,4
2363,4
2369,4
2374,4
2375,4
2377,4
2378,4
2380,4
2385,4
2390,4
2393,4
2396,4
2400,4
2401,4
2405,4
2408,4
2409,4
2412,4
2413,4
2416,4
2418,4
2431,4
2432,4
2434,4
2435,4
2436,4
2439,4
2444,4
2445,4
2448,4
2462,4
2468,4
2469,4
2472,4
2474,4
2478,4
2482,4
2483,4
2487,4
2489,4
2490,4
2491,4
2495,4
2496,4
2497,4
2502,4
2503,4
2517,4
2521,4
2523,4
2524,4
2527,4
2528,4
2532,4
2539,4
2541,4
2542,4
2550,4
2552,4
2558,4
2560,4
2561,4
2562,4
2565,4
2569,4
2573,4
2582,4
2589,4
2591,4
2596,4
2597,4
2604,4
2605,4
2608,4
2609,4
2610,4
2615,4
2623,4
2625,4
2629,4
2633,4
2636,4
2641,4
2643,4
2645,4
2646,4
2647,4
2649,4
2660,4
2663,4
2670,4
2673,4
2676,4
2678,4
2679,4
2681,4
2682,4
2683,4
2689,4
2691,4
2702,4
2703,4
2708,4
2711,4
2714,4
2716,4
2720,4
2723,4
2724,4
2727,4
2730,4
2732,4
2733,4
2737,4
2747,4
2749,4
2757,4
2761,4
2769,4
2771,4
2774,4
2775,4
2781,4
2782,4
2784,4
2786,4
2792,4
2793,4
2795,4
2796,4
2798,4
2801,4
2804,4
2807,4
2808,4
2809,4
2815,4
2820,4
2824,4
2825,4
2834,4
2840,4
2841,4
2844,4
2845,4
2847,4
2852,4
2855,4
2858,4
2861,4
2863,4
2865,4
2868,4
2873,4
2880,4
2881,4
2883,4
2885,4
2886,4
2888,4
2891,4
2893,4
2898,4
2900,4
2901,4
2911,4
2913,4
2916,4
2917,4
2920,4
2929,4
2931,4
2936,4
2939,4
2945,4
2946,4
2947,4
2954,4
2956,4
2957,4
2959,4
2969,4
2970,4
2972,4
2981,4
2982,4
2987,4
2988,4
2992,4
2993,4
2998,4
3003,4
3008,4
3014,4
3015,4
3018,4
3019,4
3024,4
3026,4
3029,4
3034,4
3040,4
3042,4
3047,4
3049,4
3056,4
3060,4
3061,4
3068,4
3074,4
3076,4
3077,4
3080,4
3081,4
3082,4
3085,4
3094,4
3096,4
3097,4
3098,4
3099,4
3101,4
3111,4
3116,4
3118,4
3122,4
3123,4
3128,4
3132,4
3133,4
3141,4
3146,4
3158,4
3159,4
3160,4
3162,4
3163,4
3167,4
3169,4
3174,4
3176,4
3179,4
3180,4
3187,4
3190,4
3192,4
3195,4
3199,4
3204,4
3208,4
3223,4
3225,4
3226,4
3228,4
3229,4
3231,4
3232,4
3239,4
3241,4
3252,4
3253,4
3254,4
3255,4
3258,4
3259,4
3262,4
3265,4
3269,4
3272,4
3274,4
3276,4
3277,4
3298,4
3303,4
3309,4
3310,4
3315,4
3323,4
3324,4
3326,4
3330,4
3333,4
3334,4
3338,4
3341,4
3342,4
3344,4
3345,4
3347,4
3348,4
3349,4
3352,4
3355,4
3360,4
3362,4
3364,4
3370,4
3373,4
3375,4
3376,4
3378,4
3380,4
3381,4
3385,4
3389,4
3390,4
3401,4
3402,4
3410,4
3413,4
3414,4
3428,4
3432,4
3433,4
3441,4
3446,4
3447,4
3450,4
3451,4
3461,4
3463,4
3469,4
3471,4
3473,4
3479,4
3481,4
3485,4
3486,4
3490,4
3494,4
3495,4
3500,4
3507,4
3511,4
3514,4
3515,4
3516,4
3518,4
3520,4
3522,4
3525,4
3526,4
3530,4
3531,4
3538,4
3544,4
3549,4
3551,4
3554,4
3555,4
3556,4
3559,4
3563,4
3566,4
3568,4
3570,4
3576,4
3577,4
3583,4
3586,4
3587,4
3589,4
3591,4
3593,4
3594,4
3595,4
3597,4
3600,4
3601,4
3603,4
3606,4
3607,4
3611,4
3612,4
3619,4
3624,4
3636,4
3637,4
3641,4
3642,4
3651,4
3656,4
3672,4
3678,4
3680,4
3682,4
3690,4
3691,4
3692,4
3693,4
3694,4
3701,4
3705,4
3706,4
3709,4
3711,4
3713,4
3714,4
3716,4
3717,4
3728,4
3729,4
3732,4
3733,4
3737,4
3741,4
3743,4
3748,4
3753,4
3762,4
3763,4
3769,4
3782,4
3784,4
3786,4
3792,4
3796,4
3797,4
3798,4
3799,4
3808,4
3810,4
3818,4
3822,4
3824,4
3825,4
3828,4
3835,4
3836,4
3838,4
3840,4
3842,4
3844,4
3847,4
3849,4
3850,4
3866,4
3867,4
3874,4
3877,4
3882,4
3883,4
3888,4
3891,4
3894,4
3897,4
3899,4
3901,4
3907,4
3908,4
3910,4
3911,4
3915,4
3918,4
3926,4
3939,4
3945,4
3948,4
3951,4
3957,4
3959,4
3961,4
3962,4
3966,4
3970,4
3972,4
3978,4
3979,4
3980,4
3982,4
3992,4
3993,4
3998,4
3999,4
4002,4
4003,4
4009,4
4016,4
4017,4
4029,4
4031,4
4034,4
4038,4
4039,4
4045,4
4048,4
4050,4
4054,4
4055,4
4058,4
4062,4
4064,4
4073,4
4076,4
4077,4
4081,4
4083,4
4085,4
4091,4
4092,4
4094,4
4103,4
4105,4
4109,4
4110,4
4111,4
4113,4
4116,4
4125,4
4131,4
4135,4
4137,4
4148,4
4158,4
4162,4
4163,4
4164,4
4168,4
4169,4
4170,4
4172,4
4178,4
4181,4
4184,4
4188,4
4190,4
4196,4
4197,4
4199,4
4207,4
4213,4
4214,4
4217,4
4218,4
4219,4
4221,4
4223,4
4225,4
4230,4
4232,4
4236,4
4237,4
4245,4
4248,4
4249,4
4250,4
4252,4
4258,4
4262,4
4265,4
4269,4
4270,4
4271,4
4273,4
4279,4
4281,4
4283,4
4286,4
4295,4
4297,4
4305,4
4307,4
4309,4
4310,4
4311,4
4314,4
4315,4
4321,4
4322,4
4323,4
4331,4
4332,4
4333,4
4336,4
4339,4
4340,4
4341,4
4344,4
4346,4
4354,4
4356,4
4357,4
4363,4
4369,4
4370,4
4377,4
4380,4
4391,4
4392,4
4395,4
4396,4
4398,4
4399,4
4400,4
4402,4
4416,4
4418,4
4420,4
4422,4
4425,4
4430,4
4432,4
4434,4
4435,4
4441,4
4444,4
4445,4
4448,4
4455,4
4463,4
4470,4
4471,4
4473,4
4477,4
4481,4
4482,4
4485,4
4487,4
4488,4
4489,4
4490,4
4493,4
4498,4
4501,4
4504,4
4525,4
4529,4
4532,4
4537,4
4539,4
4540,4
4542,4
4545,4
4546,4
4550,4
4558,4
4559,4
4563,4
4570,4
4571,4
4580,4
4581,4
4583,4
4587,4
4591,4
4593,4
4595,4
4596,4
4597,4
4599,4
4601,4
4604,4
4611,4
4613,4
4618,4
4623,4
4625,4
4626,4
4627,4
4628,4
4631,4
4636,4
4637,4
4641,4
4644,4
4648,4
4652,4
4655,4
4656,4
4660,4
4663,4
4666,4
4673,4
4682,4
4684,4
4689,4
4694,4
4697,4
4702,4
4705,4
4707,4
4714,4
4717,4
4718,4
4719,4
4723,4
4729,4
4746,4
4751,4
4759,4
4763,4
4765,4
4766,4
4770,4
4771,4
4774,4
4777,4
4778,4
4784,4
4785,4
4792,4
4795,4
4798,4
4800,4
4801,4
4804,4
4808,4
4810,4
4813,4
4815,4
4816,4
4820,4
4821,4
4823,4
4831,4
4835,4
4838,4
4842,4
4843,4
4847,4
4848,4
4852,4
4862,4
4866,4
4868,4
4874,4
4876,4
4878,4
4889,4
4893,4
4896,4
4904,4
4909,4
4917,4
4918,4
4920,4
4921,4
4934,4
4938,4
4940,4
4949,4
4951,4
4952,4
4955,4
4957,4
4958,4
4959,4
4960,4
4965,4
4967,4
4972,4
4974,4
4977,4
4979,4
4981,4
4982,4
4983,4
4984,4
4989,4
4991,4
4993,4
4997,4
5003,4
5007,4
5011,4
5015,4
5016,4
5017,4
5021,4
5022,4
5024,4
5033,4
5035,4
5037,4
5038,4
5041,4
5054,4
5056,4
5058,4
5060,4
5062,4
5064,4
5065,4
5069,4
5070,4
5071,4
5074,4
5076,4
5080,4
5082,4
5083,4
5085,4
5094,4
5100,4
5104,4
5106,4
5116,4
5118,4
5119,4
5120,4
5125,4
5126,4
5128,4
5130,4
5131,4
5132,4
5142,4
5146,4
5149,4
5152,4
5154,4
5158,4
5159,4
5165,4
5167,4
5170,4
5172,4
5178,4
5180,4
5185,4
5186,4
5199,4
5200,4
5212,4
5215,4
5217,4
5222,4
5225,4
5226,4
5227,4
5228,4
5232,4
5242,4
5256,4
5260,4
5262,4
5263,4
5269,4
5270,4
5271,4
5275,4
5276,4
5278,4
5279,4
5288,4
5289,4
5294,4
5297,4
5298,4
5308,4
5311,4
5312,4
5313,4
5315,4
5316,4
5317,4
5319,4
5321,4
5328,4
5330,4
5331,4
5334,4
5336,4
5337,4
5342,4
5343,4
5344,4
5352,4
5357,4
5358,4
5359,4
5362,4
5369,4
5384,4
5389,4
5390,4
5391,4
5392,4
5393,4
5396,4
5398,4
5399,4
5403,4
5407,4
5415,4
5423,4
5424,4
5436,4
5438,4
5442,4
5444,4
5447,4
5448,4
5449,4
5450,4
5456,4
5457,4
5471,4
5472,4
5477,4
5482,4
5485,4
5496,4
5501,4
5504,4
5508,4
5511,4
5514,4
5517,4
5526,4
5536,4
5539,4
5540,4
5541,4
5548,4
5553,4
5556,4
5558,4
5565,4
5566,4
5567,4
5568,4
5570,4
5574,4
5577,4
5579,4
5588,4
5589,4
5591,4
5595,4
5598,4
5599,4
5601,4
5602,4
5613,4
5619,4
5630,4
5631,4
5637,4
5638,4
5639,4
5641,4
5642,4
5646,4
5647,4
5650,4
5654,4
5656,4
5662,4
5665,4
5667,4
5677,4
5681,4
5682,4
5683,4
5684,4
5690,4
5691,4
5693,4
5699,4
5701,4
5702,4
5703,4
5707,4
5708,4
5710,4
5716,4
5717,4
5725,4
5726,4
5731,4
5732,4
5733,4
5737,4
5748,4
5750,4
5753,4
5754,4
5756,4
5759,4
5763,4
5765,4
5766,4
5769,4
5770,4
5774,4
5776,4
5778,4
5791,4
5794,4
5797,4
5807,4
5809,4
5815,4
5817,4
5822,4
5827,4
5832,4
5836,4
5837,4
5842,4
5843,4
5845,4
5847,4
5849,4
5850,4
5851,4
5852,4
5861,4
5865,4
5868,4
5869,4
5872,4
5873,4
5875,4
5880,4
5885,4
5888,4
5889,4
5890,4
5892,4
5899,4
5902,4
5904,4
5906,4
5911,4
5913,4
5915,4
5916,4
5921,4
5930,4
5932,4
5933,4
5939,4
5940,4
5942,4
5946,4
5948,4
5953,4
5961,4
5965,4
5971,4
5972,4
5974,4
5978,4
5980,4
5981,4
5982,4
5986,4
5987,4
5990,4
5991,4
5995,4
5997,4
5999,4
6000,4
6002,4
6009,4
6014,4
6019,4
6028,4
6029,4
6035,4
6036,4
6040,4
6043,4
6052,4
6053,4
6055,4
6058,4
6061,4
6066,4
6079,4
6085,4
6087,4
6088,4
6089,4
6090,4
6091,4
6092,4
6094,4
6108,4
6109,4
6111,4
6116,4
6117,4
6120,4
6121,4
6122,4
6125,4
6129,4
6131,4
6133,4
6135,4
6138,4
6139,4
6142,4
6150,4
6155,4
6156,4
6158,4
6164,4
6166,4
6167,4
6168,4
6172,4
6176,4
6177,4
6183,4
6184,4
6186,4
6187,4
6189,4
6190,4
6200,4
6202,4
6214,4
6215,4
6216,4
6219,4
6223,4
6227,4
6234,4
6238,4
6242,4
6243,4
6250,4
6252,4
6256,4
6257,4
6259,4
6268,4
6269,4
6271,4
6273,4
6274,4
6275,4
6276,4
6279,4
6282,4
6287,4
6291,4
6298,4
6300,4
6309,4
6320,4
6321,4
6329,4
6339,4
6340,4
6341,4
6342,4
6348,4
6349,4
6351,4
6353,4
6355,4
6360,4
6362,4
6363,4
6369,4
6374,4
6376,4
6378,4
6384,4
6393,4
6394,4
6395,4
6399,4
6400,4
6401,4
6403,4
6404,4
6405,4
6409,4
6410,4
6411,4
6412,4
6414,4
6417,4
6422,4
6423,4
6424,4
6425,4
6429,4
6430,4
6437,4
6438,4
6439,4
6441,4
6444,4
6447,4
6450,4
6452,4
6453,4
6454,4
6462,4
6470,4
6472,4
6475,4
6476,4
6477,4
6478,4
6480,4
6481,4
6484,4
6485,4
6488,4
6493,4
6494,4
6495,4
6505,4
6507,4
6509,4
6510,4
6514,4
6518,4
6527,4
6529,4
6530,4
6534,4
6536,4
6538,4
6541,4
6545,4
6546,4
6548,4
6551,4
6553,4
6568,4
6571,4
6573,4
6575,4
6576,4
6577,4
6586,4
6592,4
6595,4
6603,4
6605,4
6606,4
6608,4
6612,4
6613,4
6614,4
6619,4
6630,4
6638,4
6640,4
6642,4
6643,4
6652,4
6653,4
6655,4
6656,4
6657,4
6658,4
6661,4
6663,4
6667,4
6673,4
6676,4
6677,4
6681,4
6682,4
6687,4
6689,4
6690,4
6694,4
6697,4
6699,4
6709,4
6711,4
6712,4
6713,4
6714,4
6715,4
6717,4
6720,4
6724,4
6725,4
6732,4
6733,4
6734,4
6735,4
6737,4
6741,4
6747,4
6752,4
6753,4
6761,4
6764,4
6768,4
6772,4
6780,4
6781,4
6783,4
6788,4
6793,4
6794,4
6795,4
6798,4
6802,4
6804,4
6805,4
6807,4
6810,4
6811,4
6814,4
6820,4
6829,4
6832,4
6833,4
6837,4
6849,4
6852,4
6854,4
6856,4
6860,4
6861,4
6862,4
6869,4
6870,4
6874,4
6880,4
6883,4
6885,4
6887,4
6888,4
6889,4
6893,4
6894,4
6899,4
6900,4
6902,4
6905,4
6907,4
6910,4
6912,4
6913,4
6915,4
6921,4
6926,4
6930,4
6932,4
6941,4
6942,4
6943,4
6949,4
6952,4
6953,4
6954,4
6955,4
6956,4
6957,4
6961,4
6962,4
6963,4
6964,4
6972,4
6973,4
6976,4
6977,4
6980,4
6983,4
6986,4
6991,4
6994,4
7004,4
7005,4
7006,4
7007,4
7013,4
7016,4
7024,4
7027,4
7028,4
7033,4
7037,4
7040,4
7042,4
7045,4
7047,4
7049,4
7050,4
7052,4
7055,4
7056,4
7057,4
7059,4
7063,4
7066,4
7068,4
7073,4
7076,4
7077,4
7080,4
7082,4
7084,4
7086,4
7088,4
7092,4
7094,4
7104,4
7106,4
7113,4
7115,4
7116,4
7118,4
7123,4
7125,4
7127,4
7131,4
7133,4
7134,4
7136,4
7142,4
7143,4
7146,4
7153,4
7155,4
7156,4
7158,4
7161,4
7164,4
7167,4
7170,4
7174,4
7177,4
7185,4
7188,4
7189,4
7192,4
7196,4
7201,4
7206,4
7207,4
7213,4
7215,4
7219,4
7220,4
7228,4
7230,4
7233,4
7235,4
7236,4
7237,4
7238,4
7241,4
7242,4
7243,4
7246,4
7248,4
7258,4
7261,4
7263,4
7265,4
7266,4
7268,4
7269,4
7270,4
7271,4
7275,4
7281,4
7286,4
7287,4
7289,4
7290,4
7292,4
7295,4
7296,4
7300,4
7301,4
7304,4
7305,4
7306,4
7308,4
7312,4
7314,4
7315,4
7317,4
7319,4
7323,4
7325,4
7326,4
7329,4
7330,4
7332,4
7335,4
7341,4
7342,4
7344,4
7351,4
7353,4
7354,4
7355,4
7357,4
7358,4
7361,4
7364,4
7369,4
7370,4
7372,4
7373,4
7374,4
7375,4
7377,4
7381,4
7382,4
7383,4
7387,4
7389,4
7390,4
7393,4
7397,4
7403,4
7404,4
7417,4
7418,4
7420,4
7422,4
7425,4
7428,4
7441,4
7442,4
7444,4
7447,4
7449,4
7451,4
7454,4
7459,4
7461,4
7464,4
7467,4
7468,4
7470,4
7472,4
7476,4
7480,4
7483,4
7485,4
7488,4
7490,4
7499,4
7500,4
7504,4
7505,4
7506,4
7510,4
7512,4
7516,4
7520,4
7521,4
7523,4
7528,4
7531,4
7536,4
7542,4
7547,4
7548,4
7549,4
7550,4
7554,4
7556,4
7563,4
7564,4
7567,4
7569,4
7570,4
7573,4
7576,4
7578,4
7581,4
7582,4
7586,4
7587,4
7589,4
7596,4
7597,4
7598,4
7602,4
7604,4
7605,4
7610,4
7612,4
7614,4
7619,4
7620,4
7621,4
7622,4
7624,4
7626,4
7628,4
7629,4
7631,4
7633,4
7640,4
7642,4
7644,4
7647,4
7650,4
7651,4
7658,4
7659,4
7665,4
7666,4
7671,4
7672,4
7675,4
7676,4
7677,4
7678,4
7681,4
7683,4
7684,4
7687,4
7689,4
7690,4
7695,4
7696,4
7697,4
7698,4
7705,4
7706,4
7707,4
7709,4
7710,4
7711,4
7712,4
7713,4
7715,4
7716,4
7719,4
7720,4
7724,4
7728,4
7730,4
7732,4
7734,4
7736,4
7738,4
7739,4
7741,4
7746,4
7747,4
7758,4
7761,4
7762,4
7764,4
7767,4
7769,4
7770,4
7771,4
7773,4
7774,4
7778,4
7787,4
7791,4
7794,4
7802,4
7805,4
7807,4
7809,4
7815,4
7816,4
7818,4
7819,4
7821,4
7826,4
7831,4
7832,4
7834,4
7837,4
7838,4
7843,4
7844,4
7848,4
7849,4
7857,4
7859,4
7860,4
7862,4
7865,4
7869,4
7872,4
7875,4
7880,4
7882,4
7884,4
7889,4
7894,4
7895,4
7896,4
7898,4
7900,4
7904,4
7912,4
7917,4
7918,4
7922,4
7923,4
7926,4
7929,4
7932,4
7934,4
7937,4
7944,4
7947,4
7949,4
7950,4
7954,4
7955,4
7956,4
7960,4
7961,4
7962,4
7964,4
7966,4
7968,4
7970,4
7972,4
7977,4
7984,4
7985,4
7991,4
7992,4
7995,4
7996,4
8003,4
8004,4
8005,4
8011,4
8012,4
8014,4
8017,4
8019,4
8020,4
8021,4
8024,4
8031,4
8036,4
8039,4
8040,4
8042,4
8048,4
8049,4
8050,4
8053,4
8058,4
8060,4
8062,4
8066,4
8073,4
8077,4
8078,4
8079,4
8080,4
8085,4
8086,4
8091,4
8092,4
8095,4
8096,4
8097,4
8100,4
8101,4
8102,4
8107,4
8111,4
8114,4
8119,4
8122,4
8125,4
8128,4
8134,4
8135,4
8137,4
8141,4
8142,4
8145,4
8149,4
8150,4
8152,4
8155,4
8157,4
8168,4
8169,4
8174,4
8175,4
8176,4
8179,4
8180,4
8181,4
8187,4
8188,4
8191,4
8193,4
8197,4
8201,4
8205,4
8207,4
8210,4
8211,4
8212,4
8215,4
8216,4
8218,4
8220,4
8223,4
8224,4
8228,4
8230,4
8231,4
8232,4
8233,4
8235,4
8238,4
8242,4
8245,4
8246,4
8250,4
8255,4
8257,4
8260,4
8261,4
8264,4
8269,4
8271,4
8272,4
8274,4
8275,4
8280,4
8283,4
8284,4
8286,4
8287,4
8294,4
8297,4
8299,4
8300,4
8301,4
8303,4
8305,4
8307,4
8309,4
8311,4
8312,4
8313,4
8316,4
8317,4
8320,4
8330,4
8333,4
8334,4
8335,4
8336,4
8337,4
8339,4
8340,4
8342,4
8343,4
8346,4
8356,4
8358,4
8361,4
8362,4
8364,4
8365,4
8369,4
8376,4
8385,4
8386,4
8387,4
8389,4
8392,4
8393,4
8394,4
8395,4
8398,4
8400,4
8402,4
8407,4
8412,4
8418,4
8420,4
8421,4
8422,4
8423,4
8426,4
8429,4
8431,4
8432,4
8433,4
8435,4
8438,4
8442,4
8445,4
8446,4
8449,4
8450,4
8453,4
8464,4
8465,4
8466,4
8468,4
8469,4
8470,4
8471,4
8475,4
8477,4
8478,4
8484,4
8485,4
8487,4
8488,4
8492,4
8494,4
8495,4
8496,4
8497,4
8500,4
8501,4
8502,4
8503,4
8504,4
8508,4
8512,4
8514,4
8516,4
8517,4
8518,4
8521,4
8522,4
8528,4
8532,4
8533,4
8534,4
8540,4
8542,4
8547,4
8558,4
8559,4
8561,4
8565,4
8568,4
8569,4
8571,4
8573,4
8575,4
8576,4
8577,4
8579,4
8582,4
8583,4
8588,4
8589,4
8596,4
8600,4
8604,4
8606,4
8611,4
8612,4
8613,4
8616,4
8617,4
8622,4
8624,4
8625,4
8626,4
8628,4
8630,4
8631,4
8632,4
8633,4
8634,4
8635,4
8638,4
8639,4
8643,4
8644,4
8646,4
8648,4
8650,4
8652,4
8653,4
8654,4
8655,4
8660,4
8661,4
8662,4
8663,4
8666,4
8668,4
8669,4
8671,4
8674,4
8677,4
8682,4
8683,4
8686,4
8687,4
8693,4
8695,4
8696,4
8698,4
8699,4
8700,4
8701,4
8703,4
8708,4
8711,4
8714,4
8716,4
8719,4
8721,4
8723,4
8726,4
8727,4
8732,4
8734,4
8739,4
8740,4
8742,4
8744,4
8747,4
8749,4
8756,4
8763,4
8765,4
8766,4
8768,4
8770,4
8771,4
8772,4
8774,4
8775,4
8780,4
8781,4
8782,4
8783,4
8785,4
8790,4
8792,4
8794,4
8797,4
8799,4
8801,4
8802,4
8806,4
8808,4
8810,4
8811,4
8813,4
8815,4
8816,4
8820,4
8821,4
8826,4
8828,4
8829,4
8832,4
8836,4
8841,4
8842,4
8845,4
8846,4
8848,4
8850,4
8852,4
8858,4
8859,4
8862,4
8865,4
8866,4
8871,4
8874,4
8877,4
8879,4
8880,4
8882,4
8883,4
8885,4
8886,4
8887,4
8889,4
8891,4
8892,4
8893,4
8894,4
8895,4
8896,4
8897,4
8899,4
8900,4
8901,4
8902,4
8903,4
8904,4
8905,4
8912,4
8915,4
8922,4
8924,4
8925,4
8927,4
8928,4
8929,4
8930,4
8931,4
8932,4
8933,4
8934,4
8936,4
8937,4
8940,4
8942,4
8944,4
8945,4
8946,4
8947,4
8949,4
8950,4
8951,4
8952,4
8955,4
8956,4
8957,4
8958,4
8964,4
8965,4
8968,4
8969,4
8970,4
8974,4
8980,4
8981,4
8983,4
8984,4
8987,4
8990,4
8992,4
8993,4
8995,4
8996,4
8999,4
9000,4
9001,4
9011,4
9013,4
9016,4
9019,4
9021,4
9022,4
9027,4
9028,4
9032,4
9035,4
9037,4
9044,4
9045,4
9049,4
9051,4
9052,4
9053,4
9057,4
9060,4
9061,4
9064,4
9066,4
9068,4
9076,4
9079,4
9080,4
9083,4
9085,4
9087,4
9091,4
9092,4
9093,4
9095,4
9098,4
9100,4
9101,4
9106,4
9107,4
9108,4
9109,4
9114,4
9117,4
9118,4
9119,4
9122,4
9123,4
9124,4
9130,4
9131,4
9135,4
9136,4
9138,4
9139,4
9141,4
9142,4
9145,4
9147,4
9148,4
9149,4
9151,4
9152,4
9153,4
9154,4
9155,4
9156,4
9157,4
9159,4
9161,4
9162,4
9163,4
9164,4
9166,4
9167,4
9168,4
9170,4
9171,4
9174,4
9178,4
9180,4
9183,4
9185,4
9192,4
9193,4
9194,4
9199,4
9203,4
9204,4
9205,4
9207,4
9208,4
9209,4
9210,4
9211,4
9220,4
9221,4
9222,4
9223,4
9225,4
9227,4
9231,4
9233,4
9234,4
9237,4
9238,4
9241,4
9243,4
9244,4
9245,4
9249,4
9251,4
9253,4
9256,4
9257,4
9258,4
9260,4
9261,4
9263,4
9269,4
9270,4
9274,4
9275,4
9277,4
9280,4
9281,4
9283,4
9284,4
9286,4
9287,4
9288,4
9289,4
9290,4
9293,4
9304,4
9305,4
9313,4
9314,4
9319,4
9321,4
9322,4
9324,4
9327,4
9328,4
9331,4
9332,4
9336,4
9337,4
9338,4
9339,4
9342,4
9344,4
9345,4
9346,4
9347,4
9348,4
9351,4
9353,4
9356,4
9358,4
9361,4
9363,4
9364,4
9365,4
9366,4
9368,4
9372,4
9374,4
9375,4
9377,4
9378,4
9381,4
9383,4
9384,4
9385,4
9386,4
9388,4
9389,4
9391,4
9393,4
9394,4
9396,4
9398,4
9399,4
9400,4
9401,4
9402,4
9404,4
9405,4
9406,4
9407,4
9408,4
9410,4
9411,4
9413,4
9420,4
9425,4
9428,4
9429,4
9432,4
9433,4
9435,4
9439,4
9443,4
9444,4
9445,4
9447,4
9452,4
9453,4
9454,4
9455,4
9459,4
9460,4
9462,4
9468,4
9469,4
9473,4
9476,4
9477,4
9479,4
9481,4
9482,4
9486,4
9487,4
9495,4
9497,4
9500,4
9502,4
9503,4
9504,4
9506,4
9509,4
9511,4
9512,4
9513,4
9515,4
9518,4
9519,4
9522,4
9523,4
9527,4
9532,4
9533,4
9534,4
9536,4
9538,4
9539,4
9541,4
9542,4
9543,4
9545,4
9546,4
9547,4
9548,4
9550,4
9554,4
9557,4
9563,4
9564,4
9566,4
9570,4
9571,4
9572,4
9576,4
9577,4
9578,4
9579,4
9580,4
9581,4
9583,4
9586,4
9589,4
9590,4
9591,4
9593,4
9595,4
9596,4
9598,4
9599,4
9601,4
9602,4
9603,4
9604,4
9605,4
9606,4
9609,4
9610,4
9614,4
9615,4
9616,4
9617,4
9618,4
9620,4
9621,4
9624,4
9626,4
9628,4
9629,4
9631,4
9632,4
9634,4
9636,4
9637,4
9638,4
9641,4
9642,4
9643,4
9644,4
9647,4
9648,4
9650,4
9653,4
9654,4
9658,4
9659,4
9660,4
9661,4
9662,4
9668,4
9669,4
9670,4
9672,4
9673,4
9674,4
9675,4
9676,4
9679,4
9681,4
9682,4
9683,4
9685,4
9689,4
9690,4
9691,4
9694,4
9696,4
9697,4
9698,4
9699,4
9703,4
9708,4
9709,4
9711,4
9722,4
9723,4
9724,4
9725,4
9729,4
9730,4
9731,4
9732,4
9733,4
9736,4
9737,4
9738,4
9742,4
9743,4
9744,4
9746,4
9747,4
9751,4
9753,4
9757,4
9758,4
9761,4
9762,4
9764,4
9765,4
9768,4
9769,4
9770,4
9772,4
9773,4
9775,4
9776,4
9779,4
9780,4
9786,4
9787,4
9792,4
9793,4
9794,4
9795,4
9797,4
9800,4
9801,4
9805,4
9806,4
9807,4
9808,4
9809,4
9810,4
9811,4
9812,4
9813,4
9814,4
9815,4
9816,4
9817,4
9820,4
9821,4
9822,4
9824,4
9826,4
9827,4
9828,4
9829,4
9831,4
9834,4
9835,4
9839,4
9840,4
9842,4
9843,4
9845,4
9846,4
9847,4
9851,4
9852,4
9854,4
9855,4
9856,4
9858,4
9864,4
9865,4
9867,4
9869,4
9872,4
9875,4
9876,4
9878,4
9879,4
9881,4
9885,4
9886,4
9890,4
9891,4
9892,4
9896,4
9897,4
9898,4
9899,4
9900,4
9902,4
9904,4
9905,4
9908,4
9909,4
9916,4
9917,4
9921,4
9923,4
9926,4
9930,4
9937,4
9939,4
9941,4
9942,4
9943,4
9947,4
9949,4
9950,4
9951,4
9953,4
9955,4
9957,4
9961,4
9962,4
9965,4
9969,4
9970,4
9972,4
9977,4
9978,4
9979,4
9980,4
9981,4
9983,4
9987,4
9989,4
9990,4
9992,4
9993,4
9995,4
9998,4
9999,4
10001,4
10002,4
10004,4
10005,4
10006,4
10007,4
10008,4
10013,4
10014,4
10015,4
10017,4
10018,4
10019,4
10020,4
10021,4
10027,4
10028,4
10031,4
10032,4
10033,4
10034,4
10037,4
10038,4
10039,4
10041,4
10042,4
10047,4
10050,4
10051,4
10052,4
10058,4
10059,4
10061,4
10066,4
10068,4
10069,4
10070,4
10071,4
10076,4
10077,4
10078,4
10080,4
10082,4
10083,4
10084,4
10086,4
10088,4
10090,4
10093,4
10094,4
10096,4
10097,4
10099,4
10104,4
10106,4
10109,4
10110,4
10112,4
10114,4
10118,4
10119,4
10120,4
10121,4
10122,4
10123,4
10131,4
10135,4
10136,4
10141,4
10142,4
10144,4
10145,4
10147,4
10148,4
10151,4
10154,4
10157,4
10158,4
10161,4
10162,4
10163,4
10164,4
10167,4
10168,4
10169,4
10171,4
10172,4
10174,4
10175,4
10176,4
10177,4
10178,4
10179,4
10182,4
10183,4
10185,4
10186,4
10187,4
10189,4
10192,4
10193,4
10194,4
10195,4
10196,4
10198,4
10200,4
10202,4
10204,4
10207,4
10208,4
10210,4
10214,4
10215,4
10216,4
10217,4
10218,4
10219,4
10221,4
10222,4
10227,4
10228,4
10229,4
10232,4
10233,4
10235,4
10237,4
10238,4
10241,4
10245,4
10246,4
10251,4
10254,4
10255,4
10256,4
10257,4
10260,4
10261,4
10265,4
10267,4
10268,4
10270,4
10271,4
10273,4
10274,4
10277,4
10279,4
10280,4
10281,4
10282,4
10284,4
10285,4
10288,4
10289,4
10291,4
10292,4
10294,4
10296,4
10298,4
10299,4
10300,4
10303,4
10305,4
10306,4
10307,4
10308,4
10310,4
10311,4
10312,4
10313,4
10314,4
10315,4
10317,4
10318,4
10320,4
10323,4
10324,4
10326,4
10327,4
10329,4
10330,4
10331,4
10332,4
10333,4
10334,4
10336,4
10339,4
10340,4
10342,4
10344,4
10345,4
10346,4
10349,4
10350,4
10351,4
10355,4
10357,4
10360,4
10361,4
10362,4
10364,4
10366,4
10368,4
10369,4
10371,4
10372,4
10374,4
10377,4
10379,4
10383,4
10385,4
10386,4
10394,4
10395,4
10396,4
10397,4
10398,4
10400,4
10401,4
10402,4
10403,4
10405,4
10406,4
10407,4
10411,4
10412,4
10415,4
10416,4
10417,4
10418,4
10419,4
10420,4
10421,4
10424,4
10425,4
10427,4
10429,4
10430,4
10432,4
10436,4
10439,4
10440,4
10441,4
10443,4
10445,4
10446,4
10447,4
10450,4
10452,4
10453,4
10456,4
10457,4
10458,4
10459,4
10460,4
10461,4
10462,4
10463,4
10466,4
10468,4
10469,4
10470,4
10471,4
10476,4
10477,4
10480,4
10486,4
10488,4
10492,4
10493,4
10494,4
10495,4
10501,4
10502,4
10503,4
10507,4
10508,4
10509,4
10513,4
10515,4
10516,4
10517,4
10520,4
10523,4
10525,4
10528,4
10529,4
10532,4
10533,4
10536,4
10537,4
10538,4
10540,4
10542,4
10544,4
10546,4
10549,4
10557,4
10560,4
10561,4
10563,4
10565,4
10566,4
10568,4
10569,4
10570,4
10571,4
10574,4
10575,4
10576,4
10579,4
10580,4
10581,4
10583,4
10584,4
10587,4
10588,4
10589,4
10590,4
10596,4
10597,4
10603,4
10604,4
10608,4
10609,4
10610,4
10611,4
10612,4
10613,4
10614,4
10616,4
10617,4
10619,4
10620,4
10624,4
10625,4
10626,4
10628,4
10629,4
10631,4
10632,4
10636,4
10637,4
10638,4
10640,4
10641,4
10642,4
10648,4
10650,4
10651,4
10653,4
10656,4
10657,4
10659,4
10661,4
10665,4
10666,4
10667,4
10668,4
10671,4
10673,4
10675,4
10676,4
10677,4
10678,4
10680,4
10681,4
10682,4
10683,4
10684,4
10687,4
10688,4
10690,4
10691,4
10692,4
10693,4
10695,4
10697,4
10698,4
10700,4
10703,4
10704,4
10705,4
10707,4
10708,4
10710,4
10711,4
10712,4
10713,4
10714,4
10720,4
10721,4
10722,4
10726,4
10728,4
10729,4
10730,4
10731,4
10735,4
10736,4
10738,4
10739,4
10742,4
10743,4
10744,4
10745,4
10748,4
10751,4
10753,4
10755,4
10756,4
10757,4
10760,4
10761,4
10764,4
10765,4
10766,4
10767,4
10768,4
10769,4
10770,4
10771,4
10774,4
10777,4
10780,4
10781,4
10784,4
10785,4
10786,4
10790,4
10791,4
10792,4
10793,4
10795,4
10797,4
10798,4
10799,4
10800,4
10804,4
10805,4
10807,4
10810,4
10813,4
10814,4
10821,4
10824,4
10825,4
10826,4
10828,4
10829,4
10830,4
10831,4
10833,4
10834,4
10835,4
10838,4
10841,4
10842,4
10843,4
10844,4
10847,4
10848,4
10849,4
10853,4
10855,4
10859,4
10860,4
10861,4
10863,4
10864,4
10865,4
10867,4
10868,4
10869,4
10870,4
10871,4
10872,4
10873,4
10874,4
10875,4
10877,4
10879,4
10880,4
10881,4
10882,4
10884,4
10885,4
10886,4
10887,4
10889,4
10894,4
10898,4
10900,4
10901,4
10902,4
10903,4
10904,4
10905,4
10907,4
10908,4
10909,4
10910,4
10914,4
10916,4
10919,4
10922,4
10923,4
10925,4
10927,4
10928,4
10932,4
10933,4
10934,4
10937,4
10938,4
10939,4
10940,4
10941,4
10942,4
10943,4
10944,4
10945,4
10948,4
10949,4
10951,4
10953,4
10954,4
10956,4
10958,4
10959,4
10961,4
10964,4
10966,4
10968,4
10971,4
10973,4
10974,4
10975,4
10978,4
10979,4
10980,4
10981,4
10982,4
10984,4
10985,4
10988,4
10989,4
10990,4
10992,4
10993,4
10994,4
10995,4
10996,4
10997,4
10999,4
11000,4
11001,4
11002,4
11004,4
11005,4
11009,4
11012,4
11015,4
11016,4
11017,4
11018,4
11021,4
11022,4
11024,4
11025,4
11026,4
11028,4
11029,4
11034,4
11035,4
11036,4
11037,4
11040,4
11041,4
11043,4
11044,4
11045,4
11046,4
11047,4
11048,4
11052,4
11054,4
11056,4
11058,4
11059,4
11062,4
11063,4
11065,4
11067,4
11069,4
11072,4
11073,4
11074,4
11075,4
11076,4
11083,4
11084,4
11087,4
11089,4
11091,4
11094,4
11095,4
11099,4
11100,4
11101,4
11102,4
11103,4
11104,4
11106,4
11107,4
11108,4
11109,4
11110,4
11112,4
11113,4
11114,4
11115,4
11116,4
11117,4
11118,4
11119,4
11120,4
11122,4
11123,4
11124,4
11125,4
11126,4
11129,4
11136,4
11137,4
11140,4
11142,4
11143,4
11144,4
11146,4
11148,4
11149,4
11150,4
11155,4
11156,4
11158,4
11163,4
11164,4
11167,4
11169,4
11170,4
11171,4
11173,4
11174,4
11175,4
11176,4
11178,4
11182,4
11184,4
11186,4
11189,4
11190,4
11192,4
11198,4
11200,4
11202,4
11203,4
11204,4
11205,4
11206,4
11208,4
11212,4
11213,4
11215,4
11216,4
11217,4
11218,4
11219,4
11220,4
11223,4
11224,4
11225,4
11226,4
11228,4
11229,4
11230,4
11231,4
11232,4
11233,4
11236,4
11237,4
11239,4
11240,4
11242,4
11243,4
11245,4
11247,4
11251,4
11254,4
11255,4
11263,4
11267,4
11273,4
11274,4
11276,4
11282,4
11286,4
11294,4
11295,4
11296,4
11298,4
11300,4
11301,4
11303,4
11304,4
11307,4
11309,4
11312,4
11313,4
11317,4
11318,4
11325,4
11326,4
11329,4
11330,4
11333,4
11335,4
11337,4
11340,4
11341,4
11348,4
11351,4
11353,4
11356,4
11360,4
11361,4
11362,4
11363,4
11366,4
11368,4
11370,4
11372,4
11373,4
11375,4
11382,4
11384,4
11385,4
11386,4
11389,4
11391,4
11393,4
11394,4
11397,4
11398,4
11399,4
11400,4
11401,4
11402,4
11403,4
11404,4
11405,4
11406,4
11407,4
11410,4
11411,4
11412,4
11416,4
11417,4
11419,4
11422,4
11423,4
11425,4
11430,4
11433,4
11436,4
11437,4
11440,4
11444,4
11447,4
11452,4
11453,4
11455,4
11456,4
11460,4
11463,4
11465,4
11467,4
11468,4
11469,4
11470,4
11472,4
11475,4
11477,4
11480,4
11483,4
11485,4
11486,4
11487,4
11488,4
11489,4
11491,4
11492,4
11493,4
11495,4
11497,4
11498,4
11500,4
11502,4
11503,4
11506,4
11508,4
11511,4
11513,4
11517,4
11518,4
11519,4
11522,4
11524,4
11525,4
11526,4
11528,4
11530,4
11537,4
11538,4
11541,4
11550,4
11551,4
11553,4
11562,4
11565,4
11566,4
11569,4
11571,4
11572,4
11574,4
11576,4
11577,4
11578,4
11583,4
11588,4
11589,4
11593,4
11596,4
11599,4
11606,4
11609,4
11610,4
11614,4
11616,4
11623,4
11624,4
11625,4
11626,4
11628,4
11629,4
11632,4
11633,4
11634,4
11635,4
11637,4
11640,4
11645,4
11652,4
11656,4
11657,4
11658,4
11659,4
11660,4
11661,4
11665,4
11666,4
11673,4
11677,4
11682,4
11685,4
11688,4
11691,4
11692,4
11693,4
11694,4
11695,4
11697,4
11705,4
11708,4
11710,4
11712,4
11715,4
11722,4
11731,4
11733,4
11739,4
11740,4
11741,4
11742,4
11748,4
11750,4
11751,4
11758,4
11759,4
11760,4
11762,4
11763,4
11765,4
11766,4
11771,4
11773,4
11780,4
11784,4
11785,4
11788,4
11795,4
11796,4
11799,4
11800,4
11802,4
11805,4
11823,4
11827,4
11828,4
11834,4
11835,4
11838,4
11842,4
11845,4
11848,4
11851,4
11857,4
11858,4
11862,4
11863,4
11864,4
11866,4
11869,4
11871,4
11872,4
11874,4
11877,4
11894,4
11898,4
11902,4
11911,4
11916,4
11918,4
11919,4
11923,4
11925,4
11927,4
11940,4
11946,4
11948,4
11949,4
11953,4
11954,4
11956,4
11960,4
11964,4
11972,4
11974,4
11976,4
11980,4
11981,4
11982,4
11985,4
11990,4
11991,4
11992,4
12002,4
12003,4
12010,4
12012,4
12013,4
12016,4
12019,4
12021,4
12022,4
12027,4
12032,4
12035,4
12043,4
12045,4
12050,4
12053,4
12054,4
12057,4
12059,4
12063,4
12073,4
12077,4
12079,4
12082,4
12093,4
12094,4
12096,4
12097,4
12102,4
12105,4
12106,4
12108,4
12109,4
12110,4
12118,4
12121,4
12122,4
12127,4
12134,4
12135,4
12136,4
12137,4
12143,4
12147,4
12148,4
12149,4
12152,4
12154,4
12156,4
12161,4
12165,4
12172,4
12174,4
12178,4
12179,4
12180,4
12182,4
12183,4
12188,4
12193,4
12195,4
12199,4
12200,4
12210,4
12212,4
12215,4
12223,4
12228,4
12229,4
12230,4
12231,4
12236,4
12243,4
12246,4
12248,4
12249,4
12252,4
12257,4
12259,4
12264,4
12266,4
12270,4
12271,4
12272,4
12282,4
12284,4
12287,4
12288,4
12293,4
12304,4
12316,4
12334,4
12338,4
12350,4
12352,4
12353,4
12354,4
12364,4
12366,4
12368,4
12372,4
12373,4
12377,4
12379,4
12382,4
12387,4
12390,4
12400,4
12401,4
12402,4
12403,4
12407,4
12410,4
12412,4
12416,4
12427,4
12428,4
12441,4
12445,4
12446,4
12447,4
12450,4
12464,4
12477,4
12479,4
12482,4
12490,4
12491,4
12493,4
12497,4
12505,4
12514,4
12515,4
12517,4
12518,4
12530,4
12538,4
12539,4
12541,4
12549,4
12550,4
12554,4
12558,4
12559,4
12566,4
12581,4
12583,4
12590,4
12591,4
12595,4
12600,4
12601,4
12602,4
12604,4
12607,4
12614,4
12618,4
12622,4
12631,4
12637,4
12641,4
12644,4
12645,4
12654,4
12662,4
12663,4
12666,4
12669,4
12679,4
12682,4
12688,4
12690,4
12691,4
12693,4
12698,4
12701,4
12707,4
12710,4
12721,4
12725,4
12726,4
12740,4
12742,4
12743,4
12745,4
12749,4
12751,4
12762,4
12763,4
12764,4
12765,4
12766,4
12767,4
12771,4
12774,4
12776,4
12777,4
12782,4
12786,4
12788,4
12792,4
12793,4
12799,4
12805,4
12817,4
12819,4
12825,4
12827,4
12830,4
12831,4
12832,4
12835,4
12836,4
12842,4
12844,4
12845,4
12846,4
12853,4
12854,4
12867,4
12868,4
12871,4
12874,4
12878,4
12893,4
12894,4
12895,4
12896,4
12900,4
12909,4
12910,4
12915,4
12920,4
12928,4
12929,4
12932,4
12934,4
12947,4
12948,4
12953,4
12960,4
12965,4
12967,4
12968,4
12971,4
12974,4
12978,4
12979,4
12988,4
12998,4
13000,4
13003,4
13011,4
13016,4
13028,4
13029,4
13032,4
13036,4
13038,4
13044,4
13046,4
13047,4
13048,4
13055,4
13058,4
13067,4
13068,4
13074,4
13079,4
13080,4
13081,4
13088,4
13089,4
13091,4
13108,4
13109,4
13112,4
13120,4
13125,4
13126,4
13128,4
13134,4
13137,4
13138,4
13139,4
13140,4
13146,4
13157,4
13161,4
13169,4
13172,4
13174,4
13175,4
13178,4
13182,4
13183,4
13192,4
13196,4
13199,4
13207,4
13211,4
13215,4
13223,4
13224,4
13227,4
13236,4
13242,4
13244,4
13249,4
13254,4
13256,4
13268,4
13269,4
13270,4
13285,4
13287,4
13290,4
13291,4
13294,4
13298,4
13299,4
13304,4
13305,4
13307,4
13311,4
13315,4
13320,4
13321,4
13329,4
13337,4
13338,4
13348,4
13356,4
13359,4
13362,4
13363,4
13369,4
13372,4
13373,4
13374,4
13384,4
13386,4
13388,4
13389,4
13403,4
13408,4
13411,4
13412,4
13413,4
13429,4
13430,4
13431,4
13443,4
13452,4
13458,4
13465,4
13474,4
13477,4
13479,4
13482,4
13484,4
13486,4
13488,4
13490,4
13494,4
13496,4
13503,4
13508,4
13511,4
13515,4
13529,4
13535,4
13536,4
13539,4
13547,4
13548,4
13551,4
13553,4
13554,4
13555,4
13557,4
13562,4
13563,4
13564,4
13566,4
13573,4
13590,4
13591,4
13595,4
13600,4
13604,4
13615,4
13622,4
13638,4
13645,4
13659,4
13671,4
13675,4
13677,4
13679,4
13685,4
13690,4
13691,4
13692,4
13695,4
13699,4
13710,4
13714,4
13723,4
13726,4
13735,4
13740,4
13742,4
13745,4
13753,4
13758,4
13759,4
13767,4
13768,4
13770,4
13779,4
13780,4
13789,4
13795,4
13801,4
13806,4
13807,4
13809,4
13811,4
13812,4
13841,4
13845,4
13846,4
13853,4
13861,4
13873,4
13877,4
13882,4
13897,4
13899,4
13909,4
13921,4
13929,4
13949,4
13953,4
13956,4
13960,4
13967,4
13971,4
13978,4
13995,4
14001,4
14005,4
14013,4
14017,4
14020,4
14021,4
14024,4
14027,4
14028,4
14044,4
14046,4
14048,4
14051,4
14053,4
14058,4
14066,4
14069,4
14073,4
14075,4
14076,4
14078,4
14082,4
14089,4
14097,4
14099,4
14102,4
14110,4
14113,4
14131,4
14132,4
14134,4
14136,4
14139,4
14140,4
14153,4
14154,4
14155,4
14160,4
14162,4
14168,4
14169,4
14175,4
14177,4
14178,4
14182,4
14192,4
14194,4
14196,4
14198,4
14208,4
14213,4
14215,4
14217,4
14221,4
14226,4
14229,4
14230,4
14231,4
14232,4
14244,4
14249,4
14250,4
14254,4
14261,4
14267,4
14270,4
14275,4
14278,4
14283,4
14301,4
14303,4
14304,4
14305,4
14312,4
14319,4
14320,4
14323,4
14325,4
14326,4
14329,4
14332,4
14333,4
14334,4
14338,4
14344,4
14346,4
14347,4
14348,4
14350,4
14363,4
14365,4
14368,4
14386,4
14387,4
14390,4
14391,4
14393,4
14396,4
14397,4
14400,4
14402,4
14403,4
14415,4
14417,4
14428,4
14439,4
14442,4
14443,4
14447,4
14448,4
14449,4
14457,4
14461,4
14462,4
14466,4
14470,4
14474,4
14475,4
14478,4
14482,4
14484,4
14486,4
14495,4
14498,4
14501,4
14502,4
14503,4
14506,4
14508,4
14509,4
14513,4
14536,4
14540,4
14541,4
14546,4
14553,4
14560,4
14564,4
14570,4
14571,4
14572,4
14575,4
14579,4
14580,4
14586,4
14592,4
14594,4
14596,4
14597,4
14603,4
14610,4
14612,4
14628,4
14630,4
14631,4
14643,4
14645,4
14647,4
14648,4
14653,4
14659,4
14661,4
14662,4
14663,4
14668,4
14673,4
14676,4
14678,4
14681,4
14684,4
14686,4
14687,4
14716,4
14722,4
14723,4
14724,4
14734,4
14737,4
14741,4
14746,4
14752,4
14755,4
14772,4
14774,4
14777,4
14783,4
14784,4
14786,4
14796,4
14803,4
14808,4
14815,4
14816,4
14820,4
14825,4
14837,4
14848,4
14855,4
14876,4
14887,4
14913,4
14920,4
14928,4
14952,4
14955,4
14969,4
14972,4
14975,4
14976,4
14978,4
14981,4
14989,4
14990,4
14997,4
15003,4
15029,4
15038,4
15041,4
15057,4
15061,4
15071,4
15081,4
15083,4
15099,4
15106,4
15126,4
15130,4
15137,4
15138,4
15144,4
15146,4
15156,4
15158,4
15159,4
15162,4
15188,4
15202,4
15214,4
15234,4
15239,4
15245,4
15293,4
15303,4
15314,4
15335,4
15361,4
15362,4
15380,4
15408,4
15412,4
15414,4
15446,4
15451,4
15461,4
15469,4
15483,4
15492,4
15493,4
15495,4
15499,4
15501,4
15508,4
15537,4
15541,4
15550,4
15562,4
15570,4
15575,4
15579,4
15596,4
15608,4
15611,4
15613,4
15638,4
15644,4
15645,4
15667,4
15668,4
15683,4
15702,4
15706,4
15707,4
15708,4
15709,4
15718,4
15722,4
15727,4
15739,4
15742,4
15743,4
15749,4
15752,4
15757,4
15764,4
15772,4
15787,4
15794,4
15808,4
15812,4
15817,4
15827,4
15836,4
15837,4
15838,4
15841,4
15845,4
15866,4
15875,4
15876,4
15877,4
15883,4
15886,4
15896,4
15901,4
15902,4
15904,4
15907,4
15911,4
15913,4
15915,4
15922,4
15924,4
15929,4
15931,4
15948,4
15949,4
15950,4
15953,4
15962,4
15981,4
15985,4
15997,4
16007,4
16013,4
16029,4
16030,4
16031,4
16034,4
16050,4
16066,4
16069,4
16071,4
16073,4
16077,4
16085,4
16092,4
16098,4
16132,4
16147,4
16157,4
16159,4
16161,4
16170,4
16171,4
16179,4
16181,4
16197,4
16200,4
16202,4
16213,4
16229,4
16251,4
16254,4
16259,4
16262,4
16279,4
16284,4
16288,4
16289,4
16291,4
16293,4
16299,4
16313,4
16315,4
16319,4
16325,4
16328,4
16333,4
16341,4
16356,4
16357,4
16376,4
16380,4
16392,4
16403,4
16414,4
16417,4
16421,4
16428,4
16431,4
16436,4
16437,4
16453,4
16456,4
16459,4
16461,4
16464,4
16480,4
16493,4
16504,4
16516,4
16517,4
16522,4
16523,4
16527,4
16557,4
16560,4
16566,4
16590,4
16593,4
16594,4
16606,4
16622,4
16625,4
16628,4
16629,4
16630,4
16636,4
16646,4
16653,4
16665,4
16668,4
16669,4
16673,4
16691,4
16696,4
16703,4
16704,4
16712,4
16715,4
16719,4
16721,4
16722,4
16727,4
16729,4
16730,4
16744,4
16751,4
16754,4
16777,4
16780,4
16783,4
16799,4
16802,4
16805,4
16811,4
16813,4
16822,4
16825,4
16830,4
16834,4
16844,4
16847,4
16853,4
16856,4
16865,4
16867,4
16874,4
16877,4
16878,4
16891,4
16894,4
16898,4
16912,4
16916,4
16925,4
16938,4
16943,4
16945,4
16949,4
16950,4
16955,4
16975,4
16978,4
16980,4
16982,4
16984,4
16986,4
16994,4
17007,4
17015,4
17023,4
17038,4
17040,4
17043,4
17045,4
17047,4
17049,4
17051,4
17065,4
17066,4
17068,4
17070,4
17083,4
17084,4
17086,4
17091,4
17094,4
17097,4
17100,4
17104,4
17106,4
17112,4
17115,4
17132,4
17139,4
17149,4
17162,4
17166,4
17174,4
17184,4
17188,4
17191,4
17192,4
17199,4
17201,4
17205,4
17217,4
17223,4
17225,4
17228,4
17229,4
17232,4
17244,4
17247,4
17252,4
17258,4
17260,4
17270,4
17293,4
17302,4
17303,4
17307,4
17317,4
17323,4
17333,4
17335,4
17342,4
17343,4
17353,4
17357,4
17360,4
17363,4
17365,4
17371,4
17385,4
17394,4
17397,4
17398,4
17403,4
17407,4
17410,4
17414,4
17417,4
17421,4
17430,4
17438,4
17455,4
17457,4
17461,4
17465,4
17474,4
17480,4
17486,4
17487,4
17490,4
17492,4
17494,4
17503,4
17512,4
17522,4
17525,4
17527,4
17533,4
17539,4
17542,4
17543,4
17547,4
17552,4
17558,4
17560,4
17563,4
17564,4
17567,4
17568,4
17573,4
17588,4
17589,4
17591,4
17595,4
17597,4
17598,4
17603,4
17607,4
17629,4
17630,4
17642,4
17657,4
17661,4
17664,4
17673,4
17677,4
17679,4
17687,4
17690,4
17691,4
17698,4
17702,4
17721,4
17722,4
17724,4
17728,4
17735,4
17758,4
17764,4
17770,4
17781,4
17792,4
17794,4
17796,4
17801,4
17811,4
17819,4
17821,4
17827,4
17830,4
17841,4
17858,4
17861,4
17871,4
17873,4
17878,4
17883,4
17887,4
17892,4
17896,4
17901,4
17908,4
17913,4
17916,4
17919,4
17920,4
17929,4
17932,4
17934,4
17940,4
17941,4
17946,4
17957,4
17959,4
17964,4
17969,4
17970,4
17971,4
17978,4
17987,4
17988,4
17990,4
17996,4
18002,4
18004,4
18008,4
18012,4
18018,4
18020,4
18023,4
18024,4
18027,4
18033,4
18034,4
18035,4
18038,4
18040,4
18046,4
18051,4
18053,4
18055,4
18057,4
18059,4
18066,4
18067,4
18075,4
18084,4
18086,4
18103,4
18114,4
18117,4
18125,4
18128,4
18132,4
18144,4
18168,4
18169,4
18176,4
18182,4
18190,4
18193,4
18200,4
18208,4
18209,4
18210,4
18211,4
18216,4
18217,4
18225,4
18227,4
18228,4
18230,4
18235,4
18240,4
18243,4
18253,4
18258,4
18259,4
18267,4
18270,4
18271,4
18274,4
18277,4
18286,4
18287,4
18290,4
18291,4
18293,4
18295,4
18301,4
18302,4
18304,4
18308,4
18309,4
18313,4
18314,4
18317,4
18329,4
18334,4
18335,4
18336,4
18345,4
18353,4
18355,4
18356,4
18366,4
18369,4
18373,4
18377,4
18380,4
18384,4
18391,4
18392,4
18401,4
18406,4
18416,4
18418,4
18425,4
18434,4
18436,4
18443,4
18447,4
18448,4
18451,4
18454,4
18456,4
18457,4
18466,4
18471,4
18477,4
18478,4
18479,4
18480,4
18482,4
18483,4
18492,4
18498,4
18499,4
18500,4
18502,4
18503,4
18507,4
18510,4
18519,4
18520,4
18522,4
18523,4
18524,4
18525,4
18529,4
18532,4
18534,4
18538,4
18539,4
18540,4
18543,4
18544,4
18548,4
18549,4
18553,4
18554,4
18555,4
18556,4
18559,4
18560,4
18561,4
18569,4
18574,4
18576,4
18583,4
18585,4
18596,4
18598,4
18603,4
18607,4
18614,4
18615,4
18629,4
18631,4
18638,4
18645,4
18654,4
18658,4
18661,4
18662,4
18663,4
18666,4
18675,4
18677,4
18678,4
18685,4
18687,4
18688,4
18691,4
18695,4
18698,4
18701,4
18702,4
18704,4
18706,4
18712,4
18713,4
18718,4
18723,4
18726,4
18729,4
18730,4
18735,4
18738,4
18744,4
18747,4
18754,4
18758,4
18761,4
18771,4
18775,4
18776,4
18777,4
18783,4
18784,4
18785,4
18790,4
18791,4
18792,4
18794,4
18802,4
18805,4
18807,4
18810,4
18814,4
18818,4
18819,4
18831,4
18835,4
18838,4
18843,4
18844,4
18847,4
18850,4
18853,4
18859,4
18860,4
18861,4
18864,4
18865,4
18872,4
18877,4
18879,4
18882,4
18895,4
18900,4
18902,4
18903,4
18904,4
18909,4
18910,4
18914,4
18918,4
18923,4
18928,4
18931,4
18936,4
18941,4
18943,4
18945,4
18947,4
18956,4
18958,4
18961,4
18965,4
18966,4
18969,4
18970,4
18971,4
18975,4
18976,4
18981,4
18984,4
18985,4
18989,4
18993,4
18998,4
18999,4
19001,4
19005,4
19007,4
19014,4
19018,4
19029,4
19031,4
19034,4
19036,4
19037,4
19041,4
19042,4
19045,4
19050,4
19053,4
19057,4
19058,4
19061,4
19065,4
19067,4
19074,4
19077,4
19079,4
19099,4
19102,4
19114,4
19119,4
19120,4
19138,4
19148,4
19153,4
19157,4
19158,4
19162,4
19164,4
19168,4
19172,4
19174,4
19177,4
19185,4
19188,4
19190,4
19191,4
19194,4
19196,4
19200,4
19201,4
19210,4
19211,4
19215,4
19217,4
19223,4
19225,4
19229,4
19233,4
19234,4
19237,4
19239,4
19245,4
19246,4
19249,4
19251,4
19253,4
19256,4
19266,4
19267,4
19270,4
19271,4
19274,4
19279,4
19283,4
19292,4
19293,4
19294,4
19295,4
19302,4
19305,4
19310,4
19312,4
19313,4
19315,4
19319,4
19323,4
19325,4
19327,4
19330,4
19331,4
19332,4
19338,4
19340,4
19342,4
19343,4
19354,4
19355,4
19356,4
19357,4
19363,4
19373,4
19379,4
19381,4
19382,4
19386,4
19388,4
19390,4
19394,4
19395,4
19405,4
19408,4
19413,4
19419,4
19423,4
19428,4
19433,4
19440,4
19441,4
19442,4
19449,4
19450,4
19452,4
19453,4
19456,4
19460,4
19462,4
19468,4
19470,4
19471,4
19478,4
19479,4
19481,4
19487,4
19489,4
19490,4
19495,4
19497,4
19502,4
19511,4
19514,4
19519,4
19528,4
19531,4
19535,4
19539,4
19540,4
19541,4
19553,4
19554,4
19555,4
19557,4
19561,4
19567,4
19569,4
19575,4
19579,4
19583,4
19588,4
19601,4
19603,4
19607,4
19608,4
19609,4
19612,4
19614,4
19617,4
19620,4
19623,4
19624,4
19632,4
19639,4
19643,4
19644,4
19648,4
19650,4
19652,4
19653,4
19660,4
19661,4
19671,4
19672,4
19679,4
19680,4
19682,4
19687,4
19689,4
19690,4
19693,4
19698,4
19703,4
19705,4
19706,4
19707,4
19711,4
19714,4
19723,4
19724,4
19726,4
19731,4
19734,4
19743,4
19750,4
19752,4
19755,4
19758,4
19761,4
19763,4
19766,4
19769,4
19772,4
19778,4
19787,4
19788,4
19790,4
19793,4
19794,4
19796,4
19800,4
19804,4
19808,4
19810,4
19828,4
19835,4
19838,4
19839,4
19841,4
19848,4
19850,4
19852,4
19859,4
19860,4
19863,4
19866,4
19878,4
19880,4
19881,4
19884,4
19888,4
19891,4
19894,4
19897,4
19898,4
19903,4
19904,4
19905,4
19907,4
19908,4
19910,4
19911,4
19913,4
19916,4
19918,4
19920,4
19921,4
19928,4
19929,4
19930,4
19931,4
19933,4
19936,4
19938,4
19942,4
19946,4
19948,4
19952,4
19959,4
19963,4
19968,4
19974,4
19975,4
19977,4
19978,4
19984,4
19989,4
19994,4
19995,4
19997,4
19999,4
20003,4
20004,4
20005,4
20009,4
20021,4
20026,4
20028,4
20029,4
20030,4
20039,4
20043,4
20053,4
20058,4
20063,4
20069,4
20080,4
20084,4
20086,4
20088,4
20090,4
20091,4
20094,4
20095,4
20096,4
20101,4
20112,4
20113,4
20119,4
20123,4
20124,4
20127,4
20128,4
20131,4
20132,4
20141,4
20143,4
20145,4
20150,4
20156,4
20158,4
20160,4
20164,4
20166,4
20168,4
20169,4
20173,4
20176,4
20180,4
20187,4
20190,4
20194,4
20196,4
20198,4
20200,4
20204,4
20214,4
20216,4
20220,4
20221,4
20222,4
20234,4
20236,4
20243,4
20245,4
20251,4
20253,4
20256,4
20263,4
20270,4
20272,4
20274,4
20276,4
20284,4
20285,4
20291,4
20293,4
20295,4
20297,4
20299,4
20300,4
20309,4
20314,4
20315,4
20318,4
20331,4
20335,4
20336,4
20337,4
20338,4
20340,4
20341,4
20350,4
20356,4
20360,4
20362,4
20367,4
20374,4
20375,4
20380,4
20387,4
20389,4
20392,4
20394,4
20395,4
20397,4
20398,4
20399,4
20400,4
20402,4
20403,4
20404,4
20408,4
20418,4
20433,4
20435,4
20436,4
20440,4
20441,4
20450,4
20452,4
20456,4
20459,4
20461,4
20462,4
20468,4
20473,4
20482,4
20486,4
20488,4
20490,4
20491,4
20493,4
20494,4
20502,4
20508,4
20511,4
20514,4
20516,4
20523,4
20535,4
20543,4
20552,4
20555,4
20559,4
20563,4
20565,4
20566,4
20569,4
20571,4
20576,4
20580,4
20583,4
20596,4
20598,4
20600,4
20605,4
20617,4
20618,4
20622,4
20623,4
20627,4
20629,4
20631,4
20633,4
20634,4
20636,4
20656,4
20658,4
20659,4
20661,4
20662,4
20672,4
20679,4
20684,4
20685,4
20686,4
20687,4
20691,4
20698,4
20700,4
20702,4
20706,4
20708,4
20709,4
20711,4
20715,4
20720,4
20725,4
20731,4
20734,4
20737,4
20738,4
20745,4
20747,4
20751,4
20754,4
20756,4
20757,4
20764,4
20766,4
20767,4
20770,4
20776,4
20779,4
20781,4
20782,4
20787,4
20794,4
20801,4
20804,4
20811,4
20812,4
20816,4
20817,4
20821,4
20824,4
20834,4
20838,4
20841,4
20844,4
20858,4
20868,4
20870,4
20872,4
20876,4
20877,4
20882,4
20892,4
20893,4
20897,4
20900,4
20904,4
20905,4
20917,4
20920,4
20928,4
20929,4
20932,4
20933,4
20939,4
20942,4
20943,4
20947,4
20950,4
20954,4
20961,4
20963,4
20967,4
20968,4
20971,4
20973,4
20976,4
20978,4
20982,4
20984,4
20986,4
20987,4
20991,4
21006,4
21011,4
21016,4
21027,4
21030,4
21033,4
21034,4
21035,4
21037,4
21043,4
21046,4
21050,4
21059,4
21062,4
21063,4
21064,4
21066,4
21067,4
21068,4
21074,4
21076,4
21077,4
21079,4
21082,4
21090,4
21100,4
21108,4
21112,4
21113,4
21116,4
21117,4
21120,4
21125,4
21127,4
21128,4
21131,4
21137,4
21148,4
21151,4
21153,4
21154,4
21159,4
21162,4
21165,4
21185,4
21188,4
21191,4
21192,4
21196,4
21197,4
21200,4
21208,4
21211,4
21213,4
21221,4
21222,4
21224,4
21225,4
21230,4
21234,4
21235,4
21239,4
21241,4
21247,4
21249,4
21251,4
21252,4
21253,4
21259,4
21263,4
21264,4
21271,4
21283,4
21289,4
21298,4
21306,4
21307,4
21310,4
21328,4
21331,4
21332,4
21335,4
21338,4
21342,4
21345,4
21351,4
21353,4
21354,4
21358,4
21361,4
21370,4
21373,4
21375,4
21377,4
21381,4
21385,4
21391,4
21393,4
21395,4
21399,4
21400,4
21403,4
21404,4
21409,4
21423,4
21424,4
21426,4
21433,4
21437,4
21443,4
21451,4
21453,4
21457,4
21460,4
21461,4
21464,4
21466,4
21477,4
21491,4
21498,4
21505,4
21506,4
21507,4
21508,4
21518,4
21519,4
21520,4
21529,4
21533,4
21550,4
21557,4
21559,4
21560,4
21561,4
21564,4
21565,4
21571,4
21572,4
21575,4
21576,4
21578,4
21579,4
21580,4
21586,4
21587,4
21588,4
21590,4
21592,4
21597,4
21600,4
21614,4
21615,4
21618,4
21620,4
21624,4
21626,4
21637,4
21642,4
21648,4
21650,4
21651,4
21653,4
21663,4
21667,4
21672,4
21675,4
21678,4
21690,4
21693,4
21694,4
21695,4
21697,4
21704,4
21706,4
21711,4
21712,4
21714,4
21715,4
21720,4
21721,4
21722,4
21725,4
21726,4
21729,4
21731,4
21732,4
21741,4
21744,4
21746,4
21753,4
21766,4
21772,4
21775,4
21780,4
21785,4
21793,4
21800,4
21806,4
21819,4
21820,4
21821,4
21822,4
21824,4
21827,4
21828,4
21832,4
21833,4
21836,4
21837,4
21844,4
21848,4
21857,4
21861,4
21862,4
21868,4
21870,4
21873,4
21876,4
21877,4
21884,4
21888,4
21892,4
21897,4
21898,4
21906,4
21907,4
21912,4
21913,4
21923,4
21925,4
21931,4
21932,4
21936,4
21939,4
21948,4
21956,4
21958,4
21966,4
21968,4
21973,4
21984,4
21989,4
21998,4
22003,4
22011,4
22013,4
22016,4
22026,4
22030,4
22036,4
22042,4
22043,4
22049,4
22050,4
22064,4
22067,4
22069,4
22079,4
22081,4
22082,4
22084,4
22085,4
22087,4
22100,4
22101,4
22108,4
22115,4
22117,4
22120,4
22123,4
22126,4
22128,4
22130,4
22135,4
22143,4
22146,4
22151,4
22157,4
22163,4
22170,4
22174,4
22177,4
22178,4
22181,4
22182,4
22184,4
22186,4
22195,4
22200,4
22201,4
22204,4
22209,4
22215,4
22230,4
22234,4
22236,4
22244,4
22246,4
22249,4
22250,4
22257,4
22261,4
22262,4
22265,4
22266,4
22272,4
22279,4
22282,4
22285,4
22289,4
22290,4
22297,4
22301,4
22305,4
22312,4
22313,4
22329,4
22332,4
22340,4
22343,4
22345,4
22354,4
22356,4
22365,4
22367,4
22368,4
22369,4
22374,4
22377,4
22380,4
22384,4
22385,4
22388,4
22392,4
22396,4
22402,4
22410,4
22411,4
22416,4
22422,4
22425,4
22428,4
22430,4
22434,4
22440,4
22441,4
22446,4
22448,4
22451,4
22452,4
22476,4
22481,4
22484,4
22487,4
22488,4
22489,4
22493,4
22494,4
22505,4
22516,4
22517,4
22518,4
22523,4
22525,4
22533,4
22536,4
22537,4
22538,4
22539,4
22547,4
22564,4
22565,4
22573,4
22577,4
22583,4
22589,4
22590,4
22591,4
22593,4
22594,4
22608,4
22610,4
22613,4
22620,4
22629,4
22631,4
22635,4
22638,4
22644,4
22645,4
22657,4
22658,4
22661,4
22665,4
22667,4
22678,4
22679,4
22684,4
22700,4
22701,4
22704,4
22705,4
22708,4
22711,4
22712,4
22714,4
22723,4
22730,4
22743,4
22744,4
22747,4
22750,4
22771,4
22773,4
22783,4
22793,4
22797,4
22800,4
22806,4
22807,4
22825,4
22829,4
22841,4
22844,4
22845,4
22851,4
22854,4
22872,4
22875,4
22876,4
22880,4
22881,4
22884,4
22887,4
22888,4
22898,4
22904,4
22910,4
22916,4
22919,4
22921,4
22924,4
22926,4
22934,4
22952,4
22961,4
22962,4
22967,4
22975,4
22982,4
22983,4
22984,4
22986,4
23000,4
23009,4
23015,4
23019,4
23025,4
23028,4
23036,4
23039,4
23042,4
23044,4
23050,4
23079,4
23080,4
23090,4
23105,4
23113,4
23116,4
23124,4
23136,4
23141,4
23145,4
23147,4
23152,4
23177,4
23193,4
23196,4
23200,4
23206,4
23219,4
23227,4
23228,4
23234,4
23244,4
23253,4
23266,4
23299,4
23325,4
23331,4
23340,4
23346,4
23360,4
23361,4
23407,4
23411,4
23413,4
23419,4
23427,4
23431,4
23436,4
23441,4
23445,4
23468,4
23474,4
23478,4
23485,4
23500,4
23527,4
23535,4
23564,4
23574,4
23592,4
23595,4
23632,4
23667,4
23677,4
23680,4
23693,4
23728,4
23741,4
23742,4
23774,4
23782,4
23788,4
23789,4
23818,4
23862,4
23871,4
23881,4
23892,4
23900,4
23902,4
23916,4
23940,4
23961,4
23967,4
23971,4
23975,4
23978,4
24002,4
24015,4
24023,4
24035,4
24058,4
24082,4
24128,4
24157,4
24164,4
24190,4
24196,4
24197,4
24209,4
24218,4
24232,4
24233,4
24235,4
24244,4
24255,4
24263,4
24272,4
24275,4
24281,4
24304,4
24332,4
24340,4
24344,4
24352,4
24353,4
24367,4
24422,4
24423,4
24470,4
24478,4
24482,4
24484,4
24486,4
24490,4
24496,4
24499,4
24504,4
24516,4
24520,4
24522,4
24529,4
24540,4
24544,4
24548,4
24555,4
24557,4
24567,4
24568,4
24569,4
24573,4
24576,4
24580,4
24593,4
24594,4
24596,4
24611,4
24613,4
24623,4
24641,4
24642,4
24650,4
24651,4
24652,4
24657,4
24665,4
24670,4
24686,4
24687,4
24688,4
24689,4
24690,4
24693,4
24701,4
24703,4
24707,4
24728,4
24735,4
24738,4
24743,4
24746,4
24754,4
24761,4
24766,4
24768,4
24774,4
24788,4
24794,4
24795,4
24796,4
24797,4
24825,4
24828,4
24832,4
24839,4
24861,4
24862,4
24868,4
24872,4
24873,4
24876,4
24879,4
24885,4
24892,4
24896,4
24907,4
24911,4
24912,4
24923,4
24931,4
24935,4
24951,4
24956,4
24957,4
24960,4
24966,4
24972,4
24976,4
24978,4
24987,4
24989,4
24990,4
24991,4
24995,4
24996,4
24997,4
25000,4
25010,4
25017,4
25019,4
25020,4
25029,4
25030,4
25032,4
25038,4
25041,4
25043,4
25046,4
25059,4
25067,4
25073,4
25079,4
25081,4
25083,4
25101,4
25102,4
25107,4
25115,4
25131,4
25144,4
25155,4
25160,4
25161,4
25166,4
25172,4
25179,4
25180,4
25190,4
25194,4
25197,4
25200,4
25201,4
25206,4
25207,4
25215,4
25224,4
25226,4
25231,4
25249,4
25257,4
25259,4
25260,4
25267,4
25272,4
25292,4
25293,4
25298,4
25302,4
25305,4
25323,4
25335,4
25341,4
25342,4
25344,4
25347,4
25351,4
25359,4
25363,4
25377,4
25379,4
25380,4
25383,4
25403,4
25404,4
25406,4
25411,4
25421,4
25425,4
25427,4
25430,4
25431,4
25432,4
25449,4
25460,4
25461,4
25467,4
25475,4
25476,4
25479,4
25485,4
25487,4
25489,4
25496,4
25497,4
25506,4
25515,4
25522,4
25523,4
25537,4
25551,4
25553,4
25568,4
25572,4
25590,4
25604,4
25609,4
25613,4
25614,4
25615,4
25620,4
25623,4
25625,4
25632,4
25635,4
25639,4
25643,4
25646,4
25649,4
25660,4
25663,4
25665,4
25669,4
25671,4
25676,4
25684,4
25687,4
25690,4
25692,4
25695,4
25707,4
25712,4
25719,4
25721,4
25728,4
25739,4
25750,4
25752,4
25754,4
25755,4
25790,4
25795,4
25799,4
25804,4
25815,4
25819,4
25825,4
25834,4
25840,4
25843,4
25844,4
25848,4
25850,4
25860,4
25870,4
25875,4
25890,4
25892,4
25894,4
25899,4
25918,4
25919,4
25931,4
25937,4
25938,4
25954,4
25958,4
25968,4
25976,4
25980,4
25983,4
25986,4
25988,4
25989,4
25994,4
25999,4
26000,4
26003,4
26016,4
26018,4
26024,4
26028,4
26035,4
26037,4
26047,4
26050,4
26054,4
26060,4
26064,4
26070,4
26077,4
26080,4
26098,4
26103,4
26109,4
26119,4
26125,4
26133,4
26136,4
26143,4
26146,4
26152,4
26158,4
26174,4
26175,4
26185,4
26196,4
26204,4
26213,4
26217,4
26219,4
26220,4
26225,4
26227,4
26233,4
26241,4
26243,4
26256,4
26264,4
26279,4
26283,4
26284,4
26296,4
26298,4
26303,4
26308,4
26311,4
26318,4
26320,4
26325,4
26329,4
26340,4
26341,4
26352,4
26354,4
26366,4
26368,4
26373,4
26389,4
26408,4
26411,4
26416,4
26432,4
26439,4
26441,4
26444,4
26449,4
26451,4
26471,4
26482,4
26487,4
26494,4
26502,4
26506,4
26507,4
26511,4
26527,4
26531,4
26553,4
26556,4
26567,4
26570,4
26577,4
26586,4
26592,4
26598,4
26600,4
26606,4
26611,4
26622,4
26623,4
26631,4
26637,4
26643,4
26649,4
26652,4
26657,4
26658,4
26678,4
26687,4
26693,4
26704,4
26712,4
26713,4
26718,4
26721,4
26726,4
26734,4
26749,4
26753,4
26758,4
26770,4
26773,4
26783,4
26789,4
26796,4
26800,4
26815,4
26828,4
26829,4
26830,4
26833,4
26836,4
26841,4
26857,4
26863,4
26866,4
26895,4
26896,4
26901,4
26902,4
26915,4
26924,4
26947,4
26952,4
26955,4
26960,4
26963,4
26969,4
26970,4
26971,4
26983,4
26984,4
26986,4
26994,4
26998,4
27017,4
27022,4
27025,4
27032,4
27036,4
27042,4
27043,4
27044,4
27053,4
27060,4
27062,4
27071,4
27092,4
27103,4
27110,4
27111,4
27117,4
27127,4
27134,4
27157,4
27160,4
27162,4
27169,4
27192,4
27196,4
27201,4
27207,4
27216,4
27217,4
27221,4
27225,4
27230,4
27236,4
27258,4
27260,4
27268,4
27280,4
27284,4
27296,4
27315,4
27316,4
27320,4
27322,4
27339,4
27340,4
27341,4
27346,4
27350,4
27357,4
27365,4
27370,4
27376,4
27378,4
27396,4
27402,4
27418,4
27430,4
27444,4
27448,4
27457,4
27469,4
27473,4
27478,4
27480,4
27487,4
27488,4
27494,4
27496,4
27503,4
27532,4
27538,4
27552,4
27557,4
27558,4
27565,4
27566,4
27572,4
27573,4
27587,4
27596,4
27601,4
27604,4
27605,4
27608,4
27617,4
27630,4
27639,4
27650,4
27671,4
27673,4
27683,4
27686,4
27698,4
27700,4
27717,4
27730,4
27732,4
27745,4
27746,4
27751,4
27752,4
27764,4
27770,4
27771,4
27777,4
27794,4
27795,4
27802,4
27808,4
27814,4
27828,4
27830,4
27852,4
27853,4
27857,4
27871,4
27872,4
27873,4
27875,4
27877,4
27878,4
27900,4
27905,4
27908,4
27909,4
27913,4
27925,4
27930,4
27937,4
27940,4
27946,4
27957,4
27981,4
28001,4
28005,4
28007,4
28009,4
28014,4
28030,4
28045,4
28047,4
28050,4
28053,4
28065,4
28073,4
28076,4
28082,4
28093,4
28099,4
28101,4
28106,4
28114,4
28116,4
28118,4
28129,4
28132,4
28139,4
28155,4
28156,4
28158,4
28167,4
28181,4
28186,4
28197,4
28206,4
28207,4
28216,4
28217,4
28254,4
28257,4
28266,4
28272,4
28280,4
28283,4
28290,4
28293,4
28304,4
28310,4
28311,4
28316,4
28328,4
28332,4
28339,4
28348,4
28350,4
28361,4
28363,4
28365,4
28377,4
28379,4
28386,4
28388,4
28395,4
28401,4
28404,4
28428,4
28430,4
28436,4
28444,4
28450,4
28455,4
28466,4
28479,4
28502,4
28521,4
28535,4
28551,4
28554,4
28560,4
28561,4
28573,4
28587,4
28589,4
28591,4
28596,4
28600,4
28609,4
28614,4
28621,4
28623,4
28625,4
28633,4
28637,4
28639,4
28645,4
28649,4
28650,4
28657,4
28671,4
28672,4
28675,4
28677,4
28692,4
28695,4
28696,4
28705,4
28707,4
28710,4
28722,4
28726,4
28757,4
28774,4
28784,4
28789,4
28798,4
28812,4
28814,4
28819,4
28821,4
28846,4
28852,4
28854,4
28862,4
28869,4
28873,4
28877,4
28880,4
28881,4
28887,4
28889,4
28891,4
28900,4
28910,4
28912,4
28924,4
28927,4
28950,4
28955,4
28958,4
28971,4
28975,4
28988,4
28990,4
29000,4
29003,4
29021,4
29023,4
29038,4
29039,4
29041,4
29045,4
29055,4
29063,4
29069,4
29084,4
29090,4
29098,4
29100,4
29104,4
29112,4
29116,4
29118,4
29123,4
29124,4
29125,4
29126,4
29128,4
29145,4
29148,4
29158,4
29159,4
29174,4
29186,4
29188,4
29196,4
29197,4
29225,4
29226,4
29234,4
29237,4
29244,4
29255,4
29260,4
29270,4
29286,4
29291,4
29295,4
29299,4
29300,4
29317,4
29325,4
29334,4
29339,4
29341,4
29342,4
29349,4
29353,4
29358,4
29362,4
29363,4
29383,4
29389,4
29393,4
29394,4
29395,4
29397,4
29425,4
29428,4
29437,4
29442,4
29459,4
29460,4
29469,4
29475,4
29482,4
29487,4
29488,4
29489,4
29495,4
29504,4
29506,4
29507,4
29512,4
29523,4
29525,4
29526,4
29538,4
29553,4
29557,4
29562,4
29570,4
29574,4
29578,4
29581,4
29583,4
29585,4
29599,4
29612,4
29620,4
29625,4
29628,4
29634,4
29643,4
29649,4
29655,4
29658,4
29664,4
29670,4
29680,4
29688,4
29692,4
29693,4
29703,4
29722,4
29730,4
29739,4
29742,4
29743,4
29745,4
29747,4
29749,4
29754,4
29765,4
29778,4
29783,4
29790,4
29794,4
29796,4
29800,4
29802,4
29807,4
29808,4
29810,4
29811,4
29812,4
29813,4
29814,4
29823,4
29832,4
29836,4
29851,4
29874,4
29875,4
29885,4
29908,4
29917,4
29928,4
29932,4
29943,4
29944,4
29948,4
29951,4
29972,4
29976,4
29977,4
29978,4
29985,4
29995,4
29998,4
30002,4
30005,4
30008,4
30009,4
30011,4
30012,4
30015,4
30017,4
30021,4
30027,4
30035,4
30045,4
30048,4
30072,4
30073,4
30079,4
30080,4
30081,4
30084,4
30085,4
30093,4
30107,4
30110,4
30112,4
30122,4
30126,4
30131,4
30135,4
30136,4
30144,4
30145,4
30155,4
30156,4
30159,4
30163,4
30164,4
30165,4
30170,4
30176,4
30182,4
30184,4
30186,4
30190,4
30191,4
30192,4
30193,4
30194,4
30198,4
30199,4
30201,4
30204,4
30205,4
30208,4
30209,4
30210,4
30211,4
30214,4
30236,4
30238,4
30245,4
30247,4
30248,4
30253,4
30256,4
30260,4
30261,4
30262,4
30264,4
30269,4
30280,4
30281,4
30285,4
30287,4
30289,4
30290,4
30291,4
30292,4
30294,4
30297,4
30298,4
30299,4
30300,4
30301,4
30304,4
30305,4
30306,4
30309,4
30310,4
30316,4
30317,4
30320,4
30323,4
30326,4
30329,4
30330,4
30332,4
30333,4
30335,4
30337,4
30339,4
30341,4
30343,4
30346,4
30348,4
30350,4
30353,4
30354,4
30355,4
30358,4
30362,4
30363,4
30364,4
30368,4
30369,4
30370,4
30372,4
30373,4
30374,4
30375,4
30380,4
30383,4
30384,4
30386,4
30387,4
30389,4
30390,4
30392,4
30393,4
30394,4
30396,4
30398,4
30399,4
30403,4
30406,4
30407,4
30408,4
30409,4
30411,4
30412,4
30413,4
30414,4
30415,4
30418,4
30420,4
30421,4
30425,4
30426,4
30427,4
30429,4
30430,4
30431,4
30432,4
30433,4
30436,4
30438,4
30439,4
30440,4
30442,4
30443,4
30444,4
30445,4
30446,4
30447,4
30449,4
30450,4
30451,4
30452,4
30453,4
30454,4
30455,4
30456,4
30457,4
30459,4
30460,4
30461,4
30462,4
30463,4
30465,4
30466,4
30469,4
30471,4
30472,4
30473,4
30474,4
30475,4
30477,4
30478,4
30479,4
30480,4
30481,4
30482,4
30483,4
30485,4
30486,4
30487,4
30491,4
30493,4
30495,4
30496,4
30497,4
30498,4
30499,4
30500,4
30502,4
30503,4
30504,4
30505,4
30506,4
30507,4
30508,4
30509,4
30510,4
30511,4
30512,4
30513,4
30515,4
30517,4
30518,4
30519,4
30522,4
30523,4
30524,4
30527,4
30529,4
30532,4
30533,4
30534,4
30535,4
30536,4
30537,4
30538,4
30539,4
30540,4
30541,4
30542,4
30543,4
30544,4
30545,4
30546,4
30547,4
30549,4
30550,4
30551,4
30553,4
30554,4
30555,4
30556,4
30557,4
30558,4
30559,4
30560,4
30561,4
30563,4
30564,4
30565,4
30567,4
30568,4
30569,4
30570,4
30571,4
30572,4
30573,4
30575,4
30576,4
30577,4
30578,4
30579,4
30580,4
30581,4
30582,4
30583,4
30584,4
30586,4
30587,4
30588,4
30589,4
30590,4
30591,4
30592,4
30593,4
30594,4
30595,4
30596,4
30597,4
30598,4
30599,4
30601,4
30602,4
30603,4
30604,4
30605,4
30608,4
30609,4
30610,4
30611,4
30613,4
30614,4
30615,4
30616,4
30617,4
30618,4
30621,4
30622,4
30623,4
30624,4
30625,4
30626,4
30627,4
30628,4
30632,4
30633,4
30634,4
30635,4
30636,4
30637,4
30638,4
30639,4
30640,4
30641,4
30642,4
30643,4
30644,4
30646,4
30647,4
30649,4
30650,4
30651,4
30652,4
30653,4
30654,4
30655,4
30656,4
30657,4
30658,4
30659,4
30661,4
30662,4
30663,4
30664,4
30665,4
30666,4
30667,4
30669,4
30670,4
30671,4
30672,4
30673,4
30674,4
30675,4
30676,4
30677,4
30678,4
30679,4
30680,4
30681,4
30683,4
30685,4
30686,4
30687,4
30688,4
30689,4
30690,4
30693,4
30694,4
30695,4
30696,4
30697,4
30698,4
30699,4
30700,4
30702,4
30703,4
30704,4
30706,4
30707,4
30708,4
30709,4
30710,4
30711,4
30712,4
30714,4
30715,4
30716,4
30717,4
30718,4
30720,4
30721,4
30722,4
30723,4
30724,4
30725,4
30726,4
30729,4
30730,4
30731,4
30732,4
30733,4
30734,4
30735,4
30736,4
30737,4
30738,4
30740,4
30741,4
30743,4
30744,4
30745,4
30747,4
30748,4
30749,4
30750,4
30751,4
30753,4
30754,4
30755,4
30756,4
30757,4
30758,4
30759,4
30762,4
30763,4
30764,4
30765,4
30766,4
30767,4
30769,4
30770,4
30771,4
30772,4
30773,4
30774,4
30776,4
30777,4
30778,4
30779,4
30780,4
30782,4
30783,4
30785,4
30786,4
30789,4
30790,4
30791,4
30792,4
30793,4
30794,4
30795,4
30796,4
30797,4
30798,4
30799,4
30800,4
30803,4
30804,4
30805,4
30806,4
30808,4
30809,4
30810,4
30811,4
30813,4
30814,4
30815,4
30816,4
30818,4
30819,4
30820,4
30821,4
30823,4
30824,4
30825,4
30826,4
30827,4
30828,4
30829,4
30831,4
30832,4
30834,4
30835,4
30836,4
30837,4
30838,4
30839,4
30842,4
30843,4
30844,4
30845,4
30847,4
30848,4
30849,4
30850,4
30853,4
30854,4
30855,4
30858,4
30859,4
30860,4
30862,4
30863,4
30864,4
30865,4
30866,4
30867,4
30868,4
30869,4
30870,4
30871,4
30873,4
30874,4
30875,4
30876,4
30877,4
30878,4
30879,4
30880,4
30881,4
30883,4
30885,4
30886,4
30887,4
30888,4
30889,4
30890,4
30892,4
30893,4
30894,4
30895,4
30897,4
30898,4
30899,4
30900,4
30901,4
30902,4
30903,4
30904,4
30906,4
30907,4
30908,4
30909,4
30912,4
30913,4
30915,4
30917,4
30919,4
30920,4
30921,4
30922,4
30923,4
30924,4
30926,4
30927,4
30928,4
30929,4
30930,4
30931,4
30933,4
30934,4
30935,4
30936,4
30938,4
30939,4
30940,4
30941,4
30942,4
30943,4
30945,4
30948,4
30950,4
30951,4
30953,4
30954,4
30955,4
30956,4
30957,4
30960,4
30962,4
30964,4
30965,4
30967,4
30968,4
30969,4
30970,4
30971,4
30973,4
30974,4
30975,4
30976,4
30977,4
30978,4
30980,4
30981,4
30982,4
30983,4
30984,4
30985,4
30987,4
30988,4
30989,4
30990,4
30993,4
30994,4
30997,4
30998,4
30999,4
31000,4
31001,4
31002,4
31003,4
31005,4
31006,4
31008,4
31009,4
31010,4
31015,4
31016,4
31017,4
31020,4
31022,4
31023,4
31024,4
31025,4
31027,4
31028,4
31029,4
31030,4
31032,4
31033,4
31034,4
31035,4
31036,4
31037,4
31038,4
31039,4
31040,4
31041,4
31042,4
31044,4
31046,4
31048,4
31049,4
31051,4
31052,4
31053,4
31054,4
31055,4
31056,4
31058,4
31059,4
31060,4
31061,4
31062,4
31064,4
31065,4
31068,4
31069,4
31071,4
31073,4
31074,4
31075,4
31076,4
31077,4
31078,4
31079,4
31080,4
31082,4
31084,4
31086,4
31087,4
31088,4
31089,4
31091,4
31092,4
31093,4
31094,4
31095,4
31096,4
31097,4
31098,4
31100,4
31101,4
31103,4
31104,4
31105,4
31106,4
31107,4
31108,4
31109,4
31110,4
31111,4
31112,4
31113,4
31114,4
31115,4
31116,4
31117,4
31118,4
31119,4
31121,4
31122,4
31123,4
31125,4
31126,4
31127,4
31128,4
31129,4
31130,4
31131,4
31132,4
31133,4
31134,4
31135,4
31136,4
31138,4
31139,4
31140,4
31142,4
31143,4
31144,4
31145,4
31146,4
31147,4
31148,4
31149,4
31150,4
31151,4
31153,4
31154,4
31155,4
31157,4
31159,4
31160,4
31161,4
31162,4
31163,4
31164,4
31166,4
31167,4
31168,4
31169,4
31170,4
31171,4
31172,4
31173,4
31174,4
31175,4
31177,4
31178,4
31180,4
31181,4
31184,4
31185,4
31186,4
31187,4
31188,4
31189,4
31190,4
31191,4
31192,4
31194,4
31195,4
31196,4
31197,4
31198,4
31199,4
31200,4
31201,4
31202,4
31203,4
31204,4
31205,4
31207,4
31209,4
31211,4
31212,4
31213,4
31214,4
31215,4
31216,4
31217,4
31218,4
31219,4
31220,4
31221,4
31222,4
31223,4
31225,4
31226,4
31227,4
31228,4
31231,4
31232,4
31234,4
31236,4
31237,4
31239,4
31240,4
31241,4
31243,4
31244,4
31245,4
31246,4
31247,4
31248,4
31250,4
31251,4
31252,4
31253,4
31257,4
31258,4
31259,4
31260,4
31261,4
31262,4
31264,4
31266,4
31267,4
31270,4
31273,4
31274,4
31275,4
31276,4
31277,4
31278,4
31282,4
31283,4
31284,4
31286,4
31287,4
31288,4
31289,4
31291,4
31294,4
31295,4
31298,4
31300,4
31301,4
31303,4
31304,4
31305,4
31307,4
31308,4
31310,4
31312,4
31313,4
31316,4
31319,4
31320,4
31321,4
31323,4
31327,4
31332,4
31333,4
31336,4
31337,4
31338,4
31339,4
31340,4
31341,4
31342,4
31343,4
31344,4
31348,4
31349,4
31351,4
31352,4
31353,4
31354,4
31355,4
31356,4
31357,4
31358,4
31361,4
31364,4
31365,4
31366,4
31367,4
31368,4
31369,4
31371,4
31373,4
31374,4
31375,4
31376,4
31377,4
31378,4
31380,4
31381,4
31382,4
31384,4
31385,4
31386,4
31389,4
31390,4
31391,4
31393,4
31395,4
31396,4
31397,4
31399,4
31401,4
31403,4
31405,4
31407,4
31409,4
31410,4
31411,4
31412,4
31413,4
31414,4
31416,4
31419,4
31420,4
31422,4
31423,4
31424,4
31426,4
31428,4
31431,4
31432,4
31433,4
31434,4
31436,4
31437,4
31439,4
31440,4
31443,4
31445,4
31446,4
31447,4
31448,4
31452,4
31453,4
31455,4
31456,4
31457,4
31458,4
31459,4
31462,4
31463,4
31464,4
31466,4
31467,4
31468,4
31473,4
31477,4
31479,4
31480,4
31483,4
31484,4
31485,4
31486,4
31487,4
31488,4
31490,4
31492,4
31494,4
31498,4
31499,4
31506,4
31507,4
31508,4
31509,4
31511,4
31512,4
31513,4
31514,4
31515,4
31516,4
31517,4
31518,4
31519,4
31520,4
31521,4
31522,4
31524,4
31526,4
31528,4
31529,4
31530,4
31531,4
31532,4
31533,4
31534,4
31535,4
31536,4
31537,4
31538,4
31539,4
31540,4
31541,4
31543,4
31544,4
31545,4
31546,4
31547,4
31548,4
31549,4
31550,4
31552,4
31553,4
31554,4
31556,4
31557,4
31558,4
31559,4
31560,4
31561,4
31564,4
31565,4
31566,4
31568,4
31569,4
31570,4
31571,4
31573,4
31575,4
31576,4
31577,4
31579,4
31580,4
31581,4
31583,4
31585,4
31586,4
31588,4
31589,4
31590,4
31592,4
31593,4
31594,4
31595,4
31596,4
31597,4
31599,4
31600,4
31601,4
31603,4
31604,4
31606,4
31608,4
31609,4
31611,4
31613,4
31615,4
31616,4
31617,4
31618,4
31620,4
31621,4
31622,4
31623,4
31624,4
31626,4
31627,4
31628,4
31630,4
31631,4
31632,4
31633,4
31634,4
31635,4
31636,4
31637,4
31638,4
31640,4
31641,4
31642,4
31644,4
31645,4
31647,4
31648,4
31649,4
31650,4
31651,4
31653,4
31654,4
31655,4
31656,4
31657,4
31658,4
31660,4
31661,4
31662,4
31663,4
31664,4
31665,4
31666,4
31667,4
31668,4
31669,4
31670,4
31671,4
31672,4
31673,4
31674,4
31678,4
31679,4
31680,4
31682,4
31683,4
31684,4
31685,4
31687,4
31688,4
31690,4
31692,4
31693,4
31694,4
31695,4
31697,4
31699,4
31700,4
31701,4
31706,4
31708,4
31709,4
31711,4
31712,4
31714,4
31715,4
31716,4
31721,4
31723,4
31724,4
31726,4
31727,4
31728,4
31729,4
31730,4
31732,4
31733,4
31734,4
31735,4
31736,4
31737,4
31738,4
31739,4
31740,4
31741,4
31742,4
31743,4
31744,4
31745,4
31746,4
31747,4
31748,4
31749,4
31750,4
31751,4
31752,4
31753,4
31755,4
31756,4
31757,4
31759,4
31762,4
31764,4
31765,4
31766,4
31767,4
31770,4
31772,4
31774,4
31775,4
31777,4
31778,4
31779,4
31784,4
31785,4
31786,4
31789,4
31790,4
31792,4
31794,4
31796,4
31798,4
31799,4
31803,4
31804,4
31806,4
31807,4
31810,4
31812,4
31816,4
31820,4
31822,4
31823,4
31824,4
31825,4
31826,4
31827,4
31829,4
31831,4
31832,4
31833,4
31834,4
31835,4
31836,4
31839,4
31842,4
31844,4
31845,4
31847,4
31850,4
31851,4
31852,4
31854,4
31859,4
31860,4
31862,4
31868,4
31869,4
31870,4
31871,4
31872,4
31875,4
31876,4
31878,4
31879,4
31880,4
31882,4
31883,4
31884,4
31885,4
31886,4
31888,4
31889,4
31890,4
31891,4
31892,4
31893,4
31896,4
31897,4
31898,4
31899,4
31903,4
31915,4
31916,4
31917,4
31919,4
31920,4
31921,4
31923,4
31924,4
31925,4
31927,4
31929,4
31930,4
31932,4
31934,4
31935,4
31937,4
31938,4
31945,4
31951,4
31961,4
31968,4
