y,R_0,R_1,R_2,R_3,R_4,R_5,UPrime2Mean_0,UPrime2Mean_1,UPrime2Mean_2,UPrime2Mean_3,UPrime2Mean_4,UPrime2Mean_5
0.44811458,6.6666667e-11,0,0,6.6666667e-11,0,6.6666667e-11,0,0,0,0,0,0
0.44853872,2.5342635e-10,-5.8567183e-16,-5.1184239e-32,2.5343125e-10,-6.6596353e-32,2.534288e-10,4.7224406e-07,-3.6492324e-07,2.1866521e-24,2.8236435e-07,-1.6821024e-24,1.1980858e-39
0.44897673,1.5749174e-09,-1.1628063e-14,8.2866267e-32,1.575014e-09,-1.0112163e-31,1.5749662e-09,1.6018814e-06,-1.2418899e-06,1.2051398e-23,9.6335556e-07,-8.9290915e-24,2.1727523e-39
0.44942898,6.5403285e-09,-9.2818849e-14,-1.0202856e-30,6.5411372e-09,1.2980291e-30,6.5407368e-09,3.492759e-06,-2.7116765e-06,-6.5595452e-24,2.1059576e-06,5.0147814e-24,4.8389343e-39
0.44989591,1.8946985e-08,-4.3312123e-13,-4.0118007e-31,1.8950932e-08,-1.3047408e-30,1.8948977e-08,6.1541147e-06,-4.7805912e-06,-3.894224e-24,3.7144937e-06,2.8911249e-24,4.6497577e-39
0.45037802,4.3918348e-08,-1.4212399e-12,-1.3852803e-28,4.3931878e-08,-1.4913586e-28,4.3925181e-08,9.5911752e-06,-7.453025e-06,-3.2105625e-24,5.7927183e-06,2.50801e-24,3.283678e-39
0.45087578,8.7933429e-08,-3.6033239e-12,5.7572827e-29,8.7969332e-08,-1.9725771e-28,8.7951619e-08,1.3805402e-05,-1.0731706e-05,1.9475857e-23,8.3439356e-06,-1.4857947e-23,3.5155993e-39
0.45138972,1.5897258e-07,-7.2948305e-12,1.3311226e-27,1.5904998e-07,1.462909e-27,1.5901196e-07,1.879637e-05,-1.461677e-05,2.6181356e-23,1.1368466e-05,-1.992349e-23,1.9867746e-39
0.45192035,2.6671319e-07,-1.1595119e-11,3.9384535e-27,2.6685033e-07,5.8202687e-27,2.6678341e-07,2.4560509e-05,-1.9105651e-05,-1.4414707e-23,1.4864646e-05,1.0962999e-23,7.1261822e-40
0.45246821,4.2276717e-07,-1.1721086e-11,-2.0689993e-27,4.2295447e-07,2.8134727e-27,4.2286407e-07,3.1089081e-05,-2.419336e-05,-6.0886559e-23,1.8830215e-05,4.6434866e-23,3.40132e-39
0.45303387,6.4094265e-07,1.8360854e-12,-1.3087721e-27,6.4111613e-07,-7.8357542e-27,6.4103386e-07,3.8371495e-05,-2.9871495e-05,3.2735972e-23,2.3258556e-05,-2.5585916e-23,7.2066483e-39
0.4536179,9.3759291e-07,5.916706e-11,2.7051748e-26,9.3750948e-07,2.1814132e-26,9.3754946e-07,4.6395562e-05,-3.6127799e-05,1.0398076e-22,2.8138039e-05,-8.0210906e-23,4.7605234e-39
0.4542209,1.3319045e-06,1.6730779e-10,4.4584743e-26,1.3310291e-06,6.1758686e-26,1.3314758e-06,5.5139588e-05,-4.294756e-05,-2.5983105e-23,3.34589e-05,2.0103657e-23,1.6000777e-39
0.45484349,1.8465312e-06,4.8478184e-10,2.2181901e-26,1.8436615e-06,2.5811773e-26,1.8450576e-06,6.4574016e-05,-5.0312452e-05,-9.1516123e-23,3.9210461e-05,7.1268941e-23,6.1551726e-39
0.4554863,2.5078154e-06,1.1031004e-09,1.398893e-25,2.5006499e-06,1.3660101e-25,2.5041322e-06,7.4670021e-05,-5.8197661e-05,4.9381151e-23,4.5371811e-05,-3.7478444e-23,7.6114428e-39
0.45614998,3.3465654e-06,2.1508517e-09,2.3111385e-25,3.3306614e-06,3.370152e-25,3.3385879e-06,8.5393889e-05,-6.6572943e-05,-3.6262105e-23,5.191651e-05,2.7354251e-23,8.5668814e-39
0.45683523,4.3994023e-06,4.1222376e-09,1.1418735e-25,4.3657426e-06,1.7486604e-25,4.3828717e-06,9.6699907e-05,-7.5404641e-05,-4.4723403e-23,5.8819702e-05,3.4640693e-23,9.9841957e-39
0.45754272,5.7095927e-06,7.6558454e-09,-9.2218197e-26,5.6409357e-06,-1.8272913e-25,5.6765465e-06,0.00010853498,-8.4654448e-05,2.179596e-23,6.605396e-05,-1.6412464e-23,5.3984047e-39
0.4582732,7.328696e-06,1.5544378e-08,-8.5097554e-25,7.198548e-06,-1.3121849e-24,7.2648893e-06,0.00012084338,-9.4277394e-05,-8.5975303e-23,7.3583312e-05,6.5520396e-23,2.1086372e-39
0.45902739,9.3133084e-06,2.8726879e-08,-1.0068516e-24,9.085196e-06,-1.0349453e-24,9.1995318e-06,0.00013356527,-0.00010422201,1.033231e-22,8.136398e-05,-7.9721424e-23,2.4822394e-39
0.45980608,1.1729308e-05,4.7381566e-08,4.6359102e-25,1.1348883e-05,9.386452e-25,1.1539144e-05,0.00014663088,-0.00011443201,5.7821783e-23,8.9350736e-05,-4.3582144e-23,5.2227153e-39
0.46061006,1.4657409e-05,7.5038932e-08,1.4869118e-24,1.4042226e-05,2.9450311e-25,1.4350128e-05,0.00015996122,-0.00012484638,-1.1070926e-22,9.7496723e-05,8.4896596e-23,8.2307361e-39
0.46144015,1.8191411e-05,1.1634695e-07,-7.9951899e-26,1.7221896e-05,1.6259358e-24,1.7707238e-05,0.00017347204,-0.00013539901,8.4593051e-23,0.00010575015,-6.5809193e-23,8.0100492e-39
0.46229719,2.2440345e-05,1.7741963e-07,1.8718561e-24,2.0947794e-05,3.7579114e-24,2.1694245e-05,0.00018707352,-0.00014601992,9.0415962e-23,0.00011405657,-6.9613556e-23,4.3012875e-39
0.46318206,2.7529542e-05,2.6453762e-07,3.5553086e-24,2.5279538e-05,-3.7360184e-24,2.6404467e-05,0.00020067242,-0.00015663612,-1.3140096e-22,0.0001223591,1.0061052e-22,2.052376e-39
0.46409567,3.3603234e-05,3.8544665e-07,-5.7560485e-24,3.0276349e-05,-1.599466e-24,3.1940994e-05,0.00021417478,-0.00016717222,3.6228998e-23,0.00013059752,-2.7636468e-23,2.6018348e-39
0.46503894,4.0828431e-05,5.5287751e-07,2.4484675e-24,3.5999761e-05,2.3679217e-23,3.8416606e-05,0.00022748816,-0.00017755137,1.6551326e-22,0.00013870838,-1.2678394e-22,1.7465149e-39
0.46601284,4.9393566e-05,7.8223085e-07,3.1649873e-23,4.2508631e-05,-1.4235886e-23,4.5953172e-05,0.00024051846,-0.00018769721,-2.151265e-22,0.00014663018,1.6411779e-22,4.9279675e-39
0.46701837,5.9505638e-05,1.0887179e-06,-4.4433166e-23,4.985343e-05,1.2989814e-23,5.4680372e-05,0.0002531692,-0.00019753523,7.203687e-23,0.0001543056,-5.3450293e-23,1.0561012e-38
0.46805654,7.1389958e-05,1.490386e-06,2.3691835e-23,5.8078992e-05,-1.2937574e-23,6.4733518e-05,0.00026534647,-0.00020699165,1.9481497e-23,0.00016167699,-1.5125509e-23,1.0751878e-38
0.46912841,8.5284905e-05,2.0082431e-06,-2.8989873e-23,6.7225093e-05,1.2684551e-23,7.62503e-05,0.00027695998,-0.00021599341,-3.3504071e-23,0.00016868585,2.5875665e-23,1.0076996e-38
0.47023509,0.00010143053,2.6613733e-06,-4.0877224e-23,7.7321134e-05,1.4474403e-23,8.9366392e-05,0.00028792179,-0.00022446965,1.3596992e-22,0.00017527557,-1.0319738e-22,7.6993581e-39
0.4713777,0.00012005772,3.4660245e-06,1.5440841e-23,8.8386793e-05,-7.3378146e-24,0.00010420991,0.00029814811,-0.00023235258,-5.084624e-23,0.00018139144,3.8015099e-23,2.9687636e-39
0.4725574,0.00014137204,4.4328134e-06,1.0304388e-22,0.00010043404,-6.3665139e-23,0.00012089498,0.00030755858,-0.00023957985,-7.0095832e-23,0.00018698536,5.2384578e-23,1.4396434e-39
0.4737754,0.00016553785,5.5664251e-06,1.4912597e-22,0.00011347383,-1.1710292e-22,0.00013951478,0.00031608086,-0.00024609648,-1.2794866e-22,0.00019201607,9.5768454e-23,1.3099573e-39
0.47503293,0.00019268923,6.8987404e-06,-1.7914438e-25,0.00012756481,2.5802358e-23,0.00016013493,0.0003236584,-0.00025185686,2.8717618e-23,0.00019644739,-2.1707985e-23,4.3320487e-40
0.47633129,0.00022288435,8.4500101e-06,2.0820327e-22,0.00014277314,-1.8160408e-22,0.00018278791,0.00033024925,-0.00025682867,-7.6787659e-23,0.00020025513,5.7219637e-23,4.0708421e-40
0.4776718,0.00025602436,1.0137225e-05,-9.4142011e-23,0.00015906134,-4.7911882e-23,0.00020746988,0.0003358281,-0.00026099444,9.4061884e-24,0.00020342798,-6.9236793e-24,4.8247974e-40
0.47905581,0.00029194131,1.1888908e-05,-3.3352984e-22,0.00017643388,2.065284e-22,0.0002341393,0.00034039206,-0.00026435125,8.9617277e-23,0.00020596345,-6.6123904e-23,9.9270258e-40
0.48048475,0.00033046286,1.3727676e-05,-2.2591473e-22,0.00019504756,1.9664217e-22,0.0002627192,0.00034395876,-0.00026691241,3.1607593e-23,0.0002078723,-2.2653982e-23,1.2665752e-39
0.48196006,0.00037130391,1.5617317e-05,-7.8333139e-22,0.00021501416,6.5398661e-22,0.0002931039,0.00034656544,-0.00026870885,9.4838371e-23,0.00020918096,-6.8708803e-23,2.6093867e-39
0.48348326,0.00041408691,1.746513e-05,-2.7410381e-22,0.00023639325,6.6555786e-23,0.00032516656,0.00034827136,-0.00026978903,2.6602183e-23,0.00020992962,-1.9360221e-23,2.539836e-39
0.48505589,0.00045843575,1.9224159e-05,4.4586336e-22,0.00025932206,-6.1462697e-22,0.00035876733,0.00034915762,-0.0002702171,-3.4581139e-23,0.00021016957,2.4111697e-23,1.1809859e-39
0.48667956,0.00050394113,2.0823949e-05,-1.464153e-21,0.00028391896,1.3380899e-21,0.00039376233,0.00034932273,-0.00027006946,1.2237645e-22,0.00020996065,-8.9136591e-23,1.582681e-39
0.48835591,0.00055014794,2.2128838e-05,1.4627325e-21,0.0003102188,-8.7425746e-22,0.00043001189,0.00034887177,-0.00026943077,-9.202591e-23,0.00020937186,6.7094784e-23,2.4095851e-39
0.49008666,0.0005966674,2.305987e-05,4.9981769e-21,0.00033832073,-4.3738008e-21,0.00046738722,0.00034791517,-0.00026838788,-3.2026886e-22,0.00020847252,2.3164646e-22,2.0682065e-39
0.49187358,0.00064322016,2.3631051e-05,1.5087962e-21,0.00036842222,-2.2481812e-21,0.00050577498,0.00034656346,-0.00026702616,-8.3490987e-23,0.00020732928,5.9549006e-23,8.4075817e-40
0.49371847,0.0006895315,2.3813121e-05,-4.630763e-21,0.00040064814,2.9296737e-21,0.00054507946,0.0003449192,-0.00026542684,1.8781708e-22,0.00020600779,-1.3487339e-22,1.0529573e-39
0.49562322,0.00073535067,2.3561815e-05,-2.1749295e-21,0.00043509497,1.9095172e-21,0.00058522275,0.00034307499,-0.00026366439,8.7062451e-23,0.00020456926,-6.1899176e-23,1.409387e-39
0.49758976,0.00078048795,2.2866064e-05,-3.2682967e-21,0.00047188757,3.3194936e-21,0.00062614363,0.00034111475,-0.00026180549,1.004885e-22,0.00020306785,-7.1311419e-23,2.6336675e-39
0.4996201,0.00082473327,2.1641856e-05,3.1915051e-21,0.00051103299,-1.7467149e-21,0.00066779587,0.00033911323,-0.00025990793,-2.6169153e-23,0.00020154962,1.6910247e-23,3.1909055e-39
0.5017163,0.00086792412,1.9824365e-05,9.6364102e-21,0.00055254377,-7.083474e-21,0.00071014599,0.00033713143,-0.00025802187,-2.3924782e-22,0.00020005703,1.6929879e-22,2.2054675e-39
0.5038805,0.00090995968,1.7394934e-05,-1.7562731e-21,0.00059647995,1.1640386e-21,0.00075317104,0.00033522226,-0.00025618878,1.7497471e-23,0.00019862474,-1.1502862e-23,1.1795888e-39
0.5061149,0.00095075373,1.4333366e-05,-9.386576e-21,0.00064289539,6.9001445e-21,0.00079685642,0.00033343219,-0.00025444171,1.733443e-22,0.0001972779,-1.2154279e-22,1.1102944e-39
0.50842177,0.00099026778,1.0674512e-05,9.2605789e-22,0.00069192231,-6.2762713e-22,0.00084119409,0.0003317945,-0.00025280849,-6.2064637e-24,0.00019604099,4.1426602e-24,2.3970874e-39
0.51080345,0.0010283929,6.3340707e-06,1.243415e-20,0.00074350766,-1.0707408e-20,0.00088618159,0.00033033418,-0.00025131067,-1.8534978e-22,0.00019493432,1.2835013e-22,1.6138993e-39
0.51326237,0.0010651263,1.2952689e-06,-7.1638546e-21,0.00079759509,4.5177641e-21,0.00093182127,0.00032907188,-0.00024996357,7.3585695e-23,0.00019397167,-5.0218132e-23,7.0952663e-40
0.51580103,0.0011007911,-4.0673397e-06,-1.0505362e-20,0.00085459215,9.2137072e-21,0.00097811962,0.00032801847,-0.00024877675,1.1467402e-22,0.00019316374,-7.7791125e-23,7.6909937e-40
0.518422,0.0011355222,-9.6252719e-06,8.1442414e-21,0.00091458408,-6.2376083e-21,0.0010250868,0.00032717439,-0.00024775284,-7.1954092e-23,0.0001925181,4.8323835e-23,4.2085295e-40
0.52112796,0.0011691263,-1.5827764e-05,-1.3069014e-20,0.00097671823,1.0255407e-20,0.0010727358,0.00032653689,-0.0002468914,1.0022285e-22,0.0001920399,-6.6542791e-23,9.092877e-40
0.52392164,0.0012017082,-2.2864837e-05,-4.7280751e-21,0.0010403616,4.6038994e-21,0.0011210811,0.00032611001,-0.00024619418,4.7116343e-23,0.00019173315,-3.1608107e-23,9.7410137e-40
0.52680589,0.0012317288,-3.1981985e-05,1.4612853e-20,0.0011064664,-1.1906404e-20,0.0011701371,0.00032589802,-0.00024566234,-1.0910083e-22,0.00019160074,7.196715e-23,3.4575725e-40
0.52978363,0.0012608521,-4.1367475e-05,1.4108556e-20,0.0011762575,-1.4070783e-20,0.0012199198,0.00032589399,-0.00024529651,-9.3946832e-23,0.00019165528,6.0695272e-23,6.6632622e-40
0.53285789,0.0012928475,-4.8335643e-05,-6.2961947e-21,0.0012471514,6.1436329e-21,0.0012704483,0.00032605813,-0.00024507243,5.4037857e-23,0.00019189437,-3.4983488e-23,1.2094965e-39
0.53603179,0.0013255857,-5.6596861e-05,-3.571494e-21,0.0013143453,7.2420025e-21,0.0013217458,0.00032634005,-0.00024493054,4.286513e-23,0.00019225499,-2.7583023e-23,1.4326041e-39
0.53930855,0.0013536435,-6.6743474e-05,-8.5749077e-21,0.0013878886,7.9007447e-21,0.0013738417,0.00032678307,-0.00024488264,2.8412634e-23,0.00019271655,-1.7189826e-23,1.2819014e-39
0.54269148,0.001376093,-7.5643945e-05,-3.3699807e-20,0.0014766248,2.777073e-20,0.0014267715,0.00032749487,-0.00024506297,1.7189494e-22,0.00019344932,-1.09297e-22,6.008257e-40
0.54618404,0.0013970228,-8.5902305e-05,5.5085873e-21,0.0015660016,-2.6351663e-21,0.0014805711,0.00032848886,-0.00024550335,-1.5393215e-23,0.0001945203,9.3993438e-24,3.4741959e-40
0.54978974,0.0014183142,-9.8124992e-05,2.7003779e-20,0.0016517235,-2.198639e-20,0.001535274,0.00032971592,-0.00024612648,-1.1367036e-22,0.00019582816,7.0925322e-23,3.1603177e-40
0.55351226,0.0014393896,-0.00010979597,2.7354245e-21,0.0017414013,-4.9340473e-21,0.0015909165,0.00033115691,-0.0002469135,-9.5670951e-24,0.00019736327,5.9273364e-24,2.9080191e-40
0.55735535,0.00145933,-0.00012151169,9.3561308e-21,0.0018349182,-7.8337951e-21,0.0016475382,0.00033281024,-0.00024786707,-3.5064604e-23,0.00019914888,2.1303843e-23,5.3162014e-40
0.56132292,0.0014776167,-0.00013384656,2.9633285e-20,0.0019316342,-2.3818991e-20,0.0017051799,0.00033467962,-0.00024899021,-1.1738404e-22,0.00020120107,7.1810597e-23,4.0721278e-40
0.56541898,0.0014942551,-0.00014667065,-1.482923e-20,0.0020318123,8.9804959e-21,0.0017638826,0.00033676659,-0.00025028589,4.7594492e-23,0.00020353892,-2.8700441e-23,3.5480797e-40
0.56964768,0.0015092664,-0.00015977195,-1.9733469e-20,0.0021358396,1.499351e-20,0.0018236878,0.00033907048,-0.00025175401,6.8216994e-23,0.00020618001,-4.1176078e-23,4.0623932e-40
0.57177824,0.0015157777,-0.00016623936,-1.6006799e-20,0.0021886257,1.2395994e-20,0.0018534307,0.00034030177,-0.00025255395,5.3617198e-23,0.00020762429,-3.2115042e-23,2.9775217e-40
0.57401358,0.0015226353,-0.00017293991,-1.2105812e-20,0.0022440794,9.668448e-21,0.0018846788,0.00034156341,-0.00025337562,3.8338765e-23,0.00020915045,-2.263299e-23,1.8333961e-40
0.57852108,0.0015343729,-0.00018590641,-2.6091594e-20,0.0023570275,2.1008429e-20,0.0019468963,0.00034424751,-0.0002551495,8.6572794e-23,0.00021247582,-5.1266475e-23,1.470661e-40
0.5831745,0.001544264,-0.00019862042,9.3494553e-21,0.0024749449,-5.6034861e-21,0.002010329,0.00034715292,-0.00025709259,-2.5682277e-23,0.0002161798,1.5087869e-23,1.0818959e-40
0.58797853,0.0015518625,-0.00021127672,8.5353858e-21,0.0025975996,-7.4849321e-21,0.0020749978,0.00035028619,-0.00025920348,-2.3121273e-23,0.00022029312,1.3376494e-23,1.1507138e-40
0.59293802,0.0015568641,-0.00022395992,2.0431712e-20,0.0027246778,-1.5986734e-20,0.0021409147,0.00035365486,-0.00026148253,-6.1580468e-23,0.00022485018,3.5326389e-23,2.6746673e-40
0.59805799,0.001559291,-0.00023638088,-7.8274736e-21,0.0028562433,5.1441537e-21,0.0022080771,0.00035726353,-0.00026393262,2.0936622e-23,0.00022989665,-1.131664e-23,4.4215575e-40
0.60334361,0.0015592759,-0.00024811259,-6.9692309e-22,0.0029924682,2.6316528e-21,0.0022764653,0.00036111527,-0.00026655217,2.6413335e-24,0.00023548186,-1.3349336e-24,5.7810207e-40
0.60880021,0.0015569659,-0.00025872158,3.8381445e-21,0.0031332314,-2.6099564e-21,0.0023460376,0.00036521029,-0.00026933064,-9.0754257e-24,0.00024165444,5.3700408e-24,6.6364544e-40
0.6144333,0.0015526824,-0.00026767816,3.5138061e-21,0.0032781096,-2.3674998e-21,0.0024167281,0.00036954357,-0.00027225048,-7.6626984e-24,0.00024846812,3.5112647e-24,5.4002786e-40
0.62024856,0.001546763,-0.00027430107,2.6427809e-20,0.0034268067,-1.9751311e-20,0.0024884433,0.00037410215,-0.00027528584,-8.0285306e-23,0.00025598378,4.5128862e-23,2.9622224e-40
0.62625185,0.0015401744,-0.00027818506,-2.9750314e-20,0.0035784985,1.9198716e-20,0.0025610733,0.00037886385,-0.00027839456,8.7434175e-23,0.00026425812,-4.8631612e-23,1.5056905e-40
0.63244922,0.0015339518,-0.00028056764,-9.5790845e-21,0.0037320323,4.4206836e-21,0.0026345369,0.00038378969,-0.0002815173,2.9344432e-23,0.00027335107,-1.6978137e-23,2.6382955e-40
0.63884691,0.0015338328,-0.00028419981,-2.4880477e-20,0.0038814097,1.500317e-20,0.0027089958,0.00038882242,-0.00028457996,8.2843998e-23,0.00028332787,-4.6169359e-23,4.0314122e-40
0.64545136,0.0015468392,-0.00029302759,-4.4146242e-21,0.0040211847,6.7015005e-21,0.0027852157,0.00039390849,-0.00028752062,1.3172071e-23,0.00029427231,-6.8192906e-24,3.101042e-40
0.65226923,0.0015768351,-0.00030876909,3.5707162e-20,0.0041509275,-2.3837696e-20,0.0028646368,0.00039905366,-0.00029036988,-1.1528678e-22,0.00030635667,6.2713247e-23,1.729826e-40
0.65930735,0.0016228845,-0.0003317327,2.3410308e-20,0.0042753282,-1.5815619e-20,0.0029491448,0.00040450471,-0.00029339911,-9.1600969e-23,0.00031995222,5.0526875e-23,1.3020647e-40
0.66657282,0.0016788775,-0.00036297149,-2.6112786e-21,0.0044044367,8.1157135e-22,0.0030408266,0.00041085471,-0.00029716007,1.2830862e-23,0.00033563299,-7.217994e-24,1.2318928e-40
0.67407292,0.0017420988,-0.00040213004,-2.765648e-20,0.0045445676,1.2373004e-20,0.0031418153,0.00041874802,-0.00030221307,1.3710813e-22,0.00035395303,-7.9913448e-23,1.3659157e-40
0.6818152,0.0018141043,-0.0004499475,9.3693953e-21,0.0046984849,-2.0686836e-21,0.0032542949,0.00042856062,-0.00030889399,-6.2542414e-23,0.00037530749,3.8830024e-23,3.5669388e-40
0.68980741,0.0018981182,-0.00050983813,5.8735482e-21,0.0048688687,-3.8898202e-21,0.0033810751,0.00044047397,-0.00031739574,-2.3303938e-23,0.00039998954,1.2013199e-23,5.8302546e-40
0.69805757,0.0019985771,-0.00058653582,-1.0207499e-20,0.0050581728,1.3081365e-21,0.0035258452,0.00045468156,-0.00032796498,7.9263006e-23,0.00042828099,-5.1217538e-23,3.1789313e-40
0.70657395,0.002122085,-0.00068567364,1.0627307e-20,0.0052695578,-3.0972891e-22,0.0036937148,0.00047151269,-0.00034105799,-9.553671e-23,0.00046051866,6.031524e-23,1.4538567e-40
0.71536509,0.0022809561,-0.00081612935,1.8529782e-21,0.0055094246,-1.5415852e-21,0.0038940239,0.00049151295,-0.00035740364,-7.7618103e-24,0.00049706106,3.2833371e-24,2.2499732e-40
0.72443978,0.0024989119,-0.00099358764,-2.8515081e-21,0.0057884939,6.7384809e-22,0.004143657,0.00051554404,-0.00037813063,2.98305e-23,0.00053816142,-1.8207311e-23,2.3737751e-40
0.73380709,0.0028174074,-0.0012405668,-1.4644596e-21,0.0061284899,-6.7736248e-22,0.0044728973,0.0005453893,-0.00040536829,1.0256915e-22,0.00058387176,-6.4837331e-23,2.822485e-40
0.74347641,0.003294783,-0.0015794989,1.2720525e-22,0.0065803236,4.1808455e-21,0.0049337536,0.00058572403,-0.00044372779,-1.2401983e-22,0.00063433528,8.0441508e-23,5.5885466e-40
0.75345737,0.0039860025,-0.0020269796,3.4886706e-21,0.0072266778,3.6860517e-21,0.0055961421,0.00064855085,-0.00050243568,-1.6334018e-22,0.00069023949,1.0653152e-22,5.0166346e-40
0.76375996,0.0049193575,-0.0025957652,-4.7500561e-22,0.0081448541,-3.7458177e-21,0.0065179119,0.00076006419,-0.00059611738,1.1030027e-22,0.00075250593,-6.9172171e-23,1.3456223e-40
0.77439444,0.0060888493,-0.0032877259,-3.8402839e-22,0.0093424526,-8.1480762e-22,0.0076973203,0.00096412789,-0.00074028839,5.834881e-23,0.00082066725,-3.5238502e-23,2.1379562e-40
0.78537141,0.0074270412,-0.0040714231,-7.2153702e-21,0.010705293,2.7436826e-21,0.0090402852,0.0013130615,-0.00094144808,-4.7534028e-23,0.00089069467,2.0265224e-23,5.107521e-40
0.79670181,0.0088045363,-0.0048848695,1.1040103e-20,0.012052111,-3.8032097e-21,0.010402469,0.0018419076,-0.0011880003,9.6744441e-23,0.00095461061,-4.3442489e-23,4.704197e-40
0.80839692,0.01010537,-0.0056561634,1.6842661e-20,0.013256368,-4.4470069e-21,0.011670131,0.0025272085,-0.0014437761,1.3661708e-22,0.0010012126,-6.7327794e-23,1.4572946e-40
0.82046836,0.011271653,-0.0063450205,-3.3892057e-20,0.014279322,1.099659e-20,0.012776466,0.003262725,-0.0016534317,-2.8182733e-22,0.0010194651,1.0838269e-22,1.409736e-40
0.83292813,0.012280942,-0.00693503,5.397731e-20,0.015110257,-1.2539004e-20,0.013687207,0.003902265,-0.0017685783,2.3150108e-22,0.001006142,-5.0390921e-23,3.7894329e-40
0.84578859,0.013124222,-0.0073780416,-3.6031852e-20,0.015724931,7.6366685e-21,0.014397656,0.0043404265,-0.0017724058,-7.8422635e-23,0.00096983289,-1.0552743e-23,5.2198064e-40
0.85906251,0.013804955,-0.0076379608,-5.7681076e-20,0.016114878,1.3754168e-20,0.014924138,0.0045514125,-0.0016800369,-2.5566029e-22,0.00092625359,6.2671154e-23,3.9598745e-40
0.87276303,0.014344048,-0.0077361482,1.3507832e-19,0.016310012,-2.8639096e-20,0.01529532,0.0045699369,-0.0015214117,4.6048921e-22,0.0008900792,-7.4764527e-23,2.2502361e-40
0.88690372,0.014770041,-0.0077247639,-1.0192293e-20,0.016356623,2.0171864e-21,0.015544191,0.0044510476,-0.0013245528,-2.7983667e-23,0.00087076049,-4.6537477e-24,3.0702169e-40
0.90149857,0.015105238,-0.0076434547,-1.6667417e-19,0.016300742,3.0121831e-20,0.015703165,0.0042433527,-0.0011088135,-3.8845902e-22,0.00087332152,1.8583533e-23,3.0709466e-40
0.91656199,0.015370849,-0.0075148771,3.6306977e-21,0.016197567,-2.1404871e-21,0.015805571,0.0039803734,-0.0008839676,-7.0107515e-24,0.00089976908,9.4029121e-24,2.6432984e-40
0.93210885,0.015591665,-0.0073602375,2.1508556e-19,0.016106235,-3.4635413e-20,0.015882608,0.0036771104,-0.00065325894,3.7065177e-22,0.00095173663,7.0322246e-24,2.4992595e-40
0.94815449,0.015790642,-0.0071961725,5.0540874e-20,0.016057595,-4.4578366e-21,0.015958089,0.0033343194,-0.00041998202,1.0123944e-22,0.0010324847,-1.36458e-23,1.3338311e-40
0.96471471,0.015986529,-0.0070315033,-3.0272751e-19,0.01605001,4.3665728e-20,0.016047889,0.0029529779,-0.00019040844,-3.8784792e-22,0.0011441476,-4.7090659e-23,1.655134e-40
0.9818058,0.016193166,-0.0068738427,1.4506752e-20,0.016081244,-2.1781152e-21,0.016163712,0.0025453239,2.7776132e-05,-5.0062439e-23,0.0012859194,1.1717111e-23,2.0488692e-40
0.99944456,0.016420613,-0.0067295259,2.6049461e-19,0.016154878,-3.4517317e-20,0.016313367,0.0021315249,0.00022747815,2.3842447e-22,0.0014546291,4.7508895e-23,9.7819594e-41
1.0176483,0.016678803,-0.0065979358,-2.392652e-19,0.016272364,2.9410243e-20,0.016498685,0.00173042,0.00040258199,-1.2643702e-22,0.0016448021,-4.2976239e-23,7.018806e-41
1.0364349,0.016970429,-0.0064822583,-1.8288758e-19,0.016426721,1.9938771e-20,0.016717246,0.0013567575,0.00054782424,-1.1582402e-22,0.0018491175,-3.1237009e-23,1.1557397e-40
1.0558227,0.017292874,-0.0063872183,2.8038559e-19,0.016601548,-3.2411153e-20,0.016963083,0.0010219783,0.00065901022,9.3323476e-23,0.0020585476,4.5898373e-23,9.0210869e-41
1.0758308,0.017643684,-0.0063117027,5.8892755e-20,0.016784957,-5.7703194e-21,0.017227005,0.00073502653,0.00073313829,4.2220348e-23,0.0022624218,9.935121e-24,4.268113e-41
1.0964785,0.018014969,-0.0062585661,-1.1878065e-20,0.016963184,8.6671294e-22,0.017498614,0.00050332411,0.00076871424,-1.7545379e-23,0.0024487252,-2.6157399e-24,1.6166571e-41
1.1177862,0.018399022,-0.0062312794,3.344349e-20,0.017118925,-3.8519028e-21,0.017767441,0.00033354065,0.00076660709,5.8102719e-24,0.0026045308,5.6080648e-24,1.2417338e-41
1.1397745,0.018790171,-0.0062294782,-6.8486989e-20,0.017242197,7.0776275e-21,0.018023537,0.00023126553,0.00073105024,-2.4372166e-24,0.0027173384,-7.1118549e-24,3.4718634e-42
1.1624649,0.019179651,-0.0062545914,-1.4259902e-19,0.017324449,1.2447193e-20,0.0182579,0.00019910637,0.00066976203,1.2075338e-24,0.0027767114,-1.1984419e-23,3.562401e-42
1.1858794,0.019558138,-0.0063091858,-3.2948812e-20,0.017357147,2.8028378e-21,0.018462611,0.00023388671,0.00059295932,6.1297564e-24,0.0027756862,-2.932112e-23,8.3906932e-42
1.2100408,0.019916447,-0.0063947536,2.1222284e-19,0.017336435,-1.8337633e-20,0.018630824,0.00032453156,0.00051191788,2.8495202e-24,0.0027123097,-1.049431e-23,7.5174635e-42
1.2349723,0.020243368,-0.0065091298,-2.6859805e-20,0.017262051,1.434728e-21,0.018756541,0.00045204703,0.00043695323,1.5634268e-24,0.0025907659,-4.5690215e-25,3.2318503e-42
1.2606983,0.020526503,-0.006647426,1.3929285e-19,0.01713586,-9.876972e-21,0.018834537,0.00059235112,0.00037516729,-5.7750329e-24,0.0024207956,7.2459679e-24,2.9936535e-42
1.2872435,0.020753498,-0.0068038904,6.7888285e-20,0.016961642,-4.9447432e-21,0.018860329,0.00072153633,0.00032889404,-2.934872e-24,0.0022161135,4.3960835e-24,2.9744502e-42
1.3146335,0.020913394,-0.0069716585,3.4127792e-20,0.016744447,-5.6601716e-22,0.018830958,0.00082104481,0.00029652688,4.5988199e-25,0.0019916808,7.5055335e-25,3.8358438e-42
1.3209797,0.020932428,-0.0070099434,5.5148314e-20,0.016686807,-2.1503543e-21,0.018811562,0.00083460217,0.00029154108,-5.4342682e-25,0.0019400921,1.9685223e-24,3.7802158e-42
1.3428965,0.020993008,-0.0071396026,1.2033898e-19,0.016487611,-7.191413e-21,0.018741932,0.00088020701,0.00027411639,-3.7637218e-24,0.0017608533,5.8981598e-24,3.5027936e-42
1.3720585,0.020985379,-0.0072963906,-2.7496929e-19,0.016194206,1.7373603e-20,0.018590157,0.00089831664,0.00025733332,8.6828575e-24,0.0015354698,-9.7447367e-24,2.1265335e-42
1.4021469,0.020887719,-0.0074326691,-2.0235171e-19,0.015865097,1.1503808e-20,0.018375309,0.00088167466,0.00024261429,5.1459426e-24,0.001323644,-6.5273647e-24,1.1521982e-42
1.4331904,0.020701969,-0.0075362173,3.5542135e-19,0.015494808,-1.6982724e-20,0.018098579,0.00084001296,0.0002279511,-5.313719e-24,0.0011299844,9.1594419e-24,1.3549588e-42
1.4652188,0.020435996,-0.0075947513,-1.9275966e-19,0.015082993,7.6066829e-21,0.01776153,0.00078345801,0.00021297445,1.3399344e-24,0.00095674039,-2.7730626e-24,2.2546661e-42
1.4982627,0.020072921,-0.0075576379,-3.1079665e-19,0.014657264,1.5114073e-20,0.017365769,0.00072001001,0.0001980384,4.5721786e-24,0.00080436078,-8.1156507e-24,2.3215607e-42
1.5323536,0.019587682,-0.0073935949,2.2180641e-19,0.014238379,-9.5795523e-21,0.016911728,0.00065392667,0.00018281096,-2.2386067e-24,0.00067175368,4.5557289e-24,8.464135e-43
1.567524,0.018998779,-0.0071699281,5.139903e-20,0.013806587,-1.4677853e-21,0.016401467,0.00058654494,0.00016659264,1.1723007e-25,0.0005572644,8.0307471e-25,3.6205407e-43
1.6038071,0.018334805,-0.0069308139,-1.7546485e-19,0.01335091,4.7146245e-21,0.01584133,0.00051900581,0.00014962469,-1.2718661e-25,0.00045930805,-2.9707844e-24,6.9121886e-43
1.6412376,0.017614812,-0.0066774829,-5.7600762e-21,0.01287149,4.1040293e-22,0.015240974,0.00045344042,0.00013286597,8.1436486e-26,0.00037638457,-5.1897156e-25,1.0869462e-42
1.6798508,0.016858338,-0.0064116858,2.7169948e-19,0.012366464,-7.642432e-21,0.014611745,0.00039215234,0.00011712161,-5.0855643e-26,0.00030691988,4.2959812e-24,9.6800893e-43
1.7196831,0.016087439,-0.0061360455,1.345649e-19,0.011838837,-2.551349e-21,0.01396569,0.00033685592,0.00010278564,3.8101059e-25,0.00024922586,1.9332111e-24,3.0515253e-43
1.7607723,0.015320619,-0.0058595981,3.4459359e-20,0.011310265,-2.3926738e-22,0.013319989,0.00028888207,9.0043799e-05,3.3996784e-25,0.00020193269,6.1973875e-25,3.2747377e-43
1.8018234,0.014568975,-0.0055976527,-8.9508177e-20,0.010815262,2.2659581e-21,0.012697818,0.00024897183,7.9027666e-05,-4.064239e-26,0.00016409608,-9.1553827e-25,2.7508636e-43
1.8415466,0.013846029,-0.0053572156,-1.9191458e-19,0.010367469,2.9734966e-21,0.012113994,0.00021643406,6.9691115e-05,-5.2854809e-25,0.00013435782,-1.8560989e-24,3.8093756e-43
1.8799862,0.013168783,-0.0051349545,-7.3489973e-20,0.0099587476,1.4028652e-21,0.011570763,0.00018981466,6.1818111e-05,-1.3601311e-25,0.00011096565,-8.9496881e-25,1.3182143e-42
1.9171848,0.012540728,-0.0049213802,1.4955148e-19,0.009580106,-1.5861792e-21,0.011065838,0.00016789271,5.5165284e-05,4.7445082e-25,9.2409176e-05,1.3570987e-24,2.5353946e-42
1.9531836,0.011954866,-0.004695486,-3.3750484e-20,0.009229286,4.4108146e-22,0.01059599,0.00014973668,4.9522989e-05,-2.5654057e-25,7.7550598e-05,-1.5362206e-25,1.7953089e-42
1.9880224,0.011406656,-0.0044377227,3.50246e-20,0.0089072033,-2.3540481e-23,0.010158396,0.00013461343,4.4715171e-05,2.3585291e-25,6.5534977e-05,7.892524e-26,5.8488977e-43
2.0217396,0.010894714,-0.0041651165,-2.1368758e-19,0.0086068871,1.1534882e-21,0.0097502357,0.0001219191,4.0582308e-05,-9.3503645e-25,5.5710319e-05,-1.2987675e-24,1.377212e-42
2.0543721,0.010416373,-0.0039040551,-4.1926012e-19,0.0083228291,2.318748e-21,0.0093688883,0.00011108353,3.695375e-05,-1.8157464e-24,4.7578574e-05,-2.595889e-24,1.7480405e-42
2.0859558,0.0099674531,-0.0036575089,2.3275013e-19,0.0080572966,-1.1127599e-21,0.0090121759,0.00010155505,3.3669684e-05,1.0264295e-24,4.0780757e-05,1.1011697e-24,1.92668e-42
2.116525,0.0095457851,-0.0034229406,6.5149904e-19,0.0078096289,-2.8000077e-21,0.0086780893,9.2969697e-05,3.063725e-05,2.6986779e-24,3.5065912e-05,3.5148081e-24,2.4397702e-42
2.1377609,0.0092614844,-0.0032612624,2.559855e-19,0.0076426284,-1.0723713e-21,0.0084531633,8.7408839e-05,2.8631033e-05,1.0404168e-24,3.1612236e-05,1.457686e-24,1.9623944e-42
2.1461135,0.0091496191,-0.0031977634,9.8721535e-20,0.0075771746,-3.8760116e-22,0.0083647959,8.5221419e-05,2.7833011e-05,3.8099214e-25,3.0249746e-05,6.3926352e-25,1.7641085e-42
2.1747538,0.0087778766,-0.0029812666,-1.6461466e-19,0.0073591715,6.9528435e-22,0.0080706235,7.8292204e-05,2.5261924e-05,-6.7244698e-25,2.6187844e-05,-7.9976869e-25,2.9344408e-43
2.2024761,0.0084298907,-0.0027734423,-1.5958034e-19,0.0071550664,3.8217507e-22,0.0077939112,7.2145975e-05,2.2936212e-05,-6.5766365e-25,2.2754874e-05,-6.796547e-25,3.6726197e-43
2.2293103,0.008104232,-0.0025734094,-7.9276787e-20,0.0069622071,1.9268347e-22,0.0075332795,6.6716491e-05,2.0841677e-05,-3.231988e-25,1.9843914e-05,-3.806697e-25,6.2514015e-43
2.2552856,0.0077991359,-0.0023798198,-3.6613525e-20,0.0067770346,-5.5931171e-23,0.0072875059,6.1930839e-05,1.8959955e-05,-1.5291222e-25,1.7364911e-05,-1.2980362e-25,7.4352343e-43
2.2804299,0.0075130095,-0.00219216,-1.9448825e-19,0.0065987179,1.9976993e-22,0.0070555154,5.7717383e-05,1.7270962e-05,-8.3049372e-25,1.5243158e-05,-7.3250479e-25,6.9057192e-43
2.3047701,0.0072445965,-0.0020104338,2.6812053e-19,0.0064282132,-2.7840049e-22,0.0068363666,5.4009027e-05,1.5754533e-05,1.0493268e-24,1.3418455e-05,9.5523822e-25,1.8164188e-42
2.3283326,0.0069928337,-0.0018345116,2.2762767e-19,0.0062655877,-3.628641e-22,0.0066292358,5.0743424e-05,1.4391804e-05,9.699158e-25,1.1842213e-05,7.8887027e-25,2.2515237e-42
2.3511425,0.0067566358,-0.0016642067,-8.0377004e-20,0.0061101632,3.8431491e-23,0.0064334036,4.7863696e-05,1.3165858e-05,-3.2335435e-25,1.0474901e-05,-2.7849142e-25,1.8351374e-42
2.3732242,0.0065349988,-0.0014993482,1.4055355e-19,0.0059614906,6.1264226e-23,0.006248243,4.5319415e-05,1.2061572e-05,4.7684094e-25,9.284242e-06,5.1683335e-25,1.6326892e-42
2.3946014,0.0063270586,-0.0013397584,-5.3377618e-20,0.0058193663,-9.453457e-24,0.00607321,4.3066432e-05,1.1065359e-05,-1.5268224e-25,8.243697e-06,-1.9316688e-25,1.4837541e-42
2.4152968,0.0061320293,-0.0011852651,-9.0336504e-20,0.0056836497,4.3597677e-23,0.0059078343,4.1065879e-05,1.0165128e-05,-3.4618658e-25,7.3313728e-06,-2.9253888e-25,2.5033734e-42
2.4353325,0.0059491882,-0.0010356628,-2.0001805e-19,0.0055542398,-1.1851633e-23,0.0057517095,3.9284187e-05,9.3501125e-06,-8.4444529e-25,6.5291188e-06,-5.6414422e-25,3.9674438e-42
2.4547298,0.0057779136,-0.00089077156,-6.5275576e-20,0.0054310636,3.5015379e-23,0.0056044834,3.7692815e-05,8.6105274e-06,-2.3926271e-25,5.8217826e-06,-2.2187493e-25,3.9308793e-42
2.4735093,0.005617647,-0.00075045419,1.6548201e-19,0.0053140731,9.2108497e-23,0.0054658542,3.6267186e-05,7.9374551e-06,7.1421948e-25,5.1966236e-06,4.507708e-25,2.4742012e-42
2.4916909,0.005467896,-0.00061457124,-1.0549312e-19,0.0052032469,-3.19685e-24,0.0053355654,3.498649e-05,7.323005e-06,-4.4995663e-25,4.6428453e-06,-2.9195802e-25,3.287712e-42
2.5092939,0.0053282333,-0.00048298325,-1.1521005e-20,0.0050985787,6.077193e-23,0.0052133994,3.383371e-05,6.7603273e-06,-1.243059e-25,4.1512661e-06,1.5027259e-26,3.5476289e-42
2.526337,0.0051982784,-0.00035555545,9.7717222e-21,0.0050000731,1.4252805e-23,0.0050991724,3.2794825e-05,6.2434673e-06,4.4810299e-26,3.7140519e-06,2.232119e-26,1.8818206e-42
2.542838,0.0050777037,-0.00023216528,1.425191e-19,0.0049077352,1.0884605e-22,0.0049927295,3.1857929e-05,5.7673661e-06,6.6395392e-25,3.3245365e-06,3.6008918e-25,2.1701176e-42
2.5588145,0.0049662167,-0.00011268298,7.7353327e-21,0.0048218736,-1.5197757e-23,0.0048939407,3.1012492e-05,5.3271871e-06,4.949996e-26,2.9765098e-06,4.0145814e-27,3.7531093e-42
2.5742833,0.0048619192,4.4086786e-07,-1.2529145e-19,0.0047419507,-8.1506457e-23,0.0048026964,3.0249199e-05,4.9205355e-06,-5.4555558e-25,2.6661598e-06,-3.7078661e-25,2.4057138e-42
2.5892607,0.0047678118,0.00011212093,1.5469243e-19,0.0046680066,1.9135945e-22,0.0047189043,2.9559038e-05,4.5431377e-06,6.5972955e-25,2.3881278e-06,4.2392586e-25,3.6812402e-42
2.6037624,0.0046838974,0.00022309648,2.8699278e-20,0.0046009722,7.5083123e-24,0.0046424833,2.8934872e-05,4.1922981e-06,8.1064496e-26,2.1386095e-06,1.0523885e-25,3.9882962e-42
2.6178038,0.0046066267,0.00032814514,-1.084109e-19,0.0045401486,-1.3069232e-22,0.0045733588,2.8370308e-05,3.8671109e-06,-5.2596854e-25,1.9156651e-06,-2.8834351e-25,6.0817571e-43
2.6313994,0.0045374962,0.0004295725,-3.5271264e-20,0.00448539,-3.1754218e-23,0.0045114604,2.7858392e-05,3.5643613e-06,-1.731877e-25,1.7155781e-06,-9.7752273e-26,6.6157012e-43
2.6445637,0.0044762497,0.00052763462,1.0335367e-19,0.004437167,1.199917e-22,0.0044567173,2.7393437e-05,3.2823607e-06,5.7329391e-25,1.5361748e-06,2.6146013e-25,3.4632741e-42
2.6573104,0.0044227605,0.0006224983,4.838462e-20,0.0043953352,7.3950149e-23,0.0044090534,2.6970435e-05,3.0193345e-06,2.0325185e-25,1.3752795e-06,1.5293214e-25,5.0242263e-42
2.6696528,0.0043768931,0.00071425727,-2.2695127e-20,0.0043598673,-1.7666875e-23,0.0043683827,2.658493e-05,2.7737052e-06,-1.3828739e-25,1.2309665e-06,-4.6407835e-26,2.7294923e-42
2.6816039,0.0043384816,0.0008029758,1.5597356e-20,0.0043307243,-6.1909258e-24,0.0043346052,2.6232932e-05,2.5440638e-06,1.3533861e-25,1.1015268e-06,1.1713511e-26,1.7463678e-42
2.6931762,0.0043073498,0.00088872607,-7.1583448e-21,0.004307849,-2.0476443e-23,0.0043076025,2.5910872e-05,2.3291435e-06,-2.5812702e-26,9.8543992e-07,-2.4447314e-26,1.9315246e-42
2.7043818,0.0042833053,0.00097161572,-4.3579409e-20,0.0042911566,-3.6383664e-23,0.0042872342,2.5615573e-05,2.1277976e-06,-3.1984556e-25,8.8134853e-07,-9.6542149e-26,1.5454073e-42
2.7152323,0.0042661385,0.0010517187,1.8880953e-20,0.0042805316,3.330864e-23,0.0042733349,2.5344265e-05,1.9389951e-06,1.7027736e-25,7.8803938e-07,3.6711349e-26,1.7793524e-42
2.7257392,0.0042555986,0.001129102,4.9351406e-20,0.0042758279,4.4180225e-23,0.0042657129,2.5094581e-05,1.7618121e-06,3.5668454e-25,7.0442565e-07,1.1103508e-25,1.9129932e-42
2.7359133,0.004251424,0.0012038304,-6.035835e-20,0.0042768591,-7.7381431e-23,0.0042641416,2.4864527e-05,1.5954276e-06,-4.7123908e-25,6.2953083e-07,-1.3475462e-25,3.3772937e-42
2.7457652,0.0042533335,0.001275977,4.011548e-21,0.0042834107,1.1520967e-24,0.0042683699,2.4652394e-05,1.4390991e-06,-4.9558793e-27,5.6247735e-07,3.2680555e-26,3.443559e-42
2.7553053,0.0042610078,0.0013456196,-2.6164194e-20,0.0042952373,-2.8761375e-23,0.0042781208,2.4456686e-05,1.2921581e-06,-2.5242856e-25,5.0247508e-07,-4.7781761e-26,1.8746481e-42
2.7645435,0.0042741079,0.0014127968,-1.1898506e-20,0.0043120537,-2.5220337e-27,0.0042930808,2.4276091e-05,1.1539985e-06,-4.2356599e-26,4.4881199e-07,-5.2011845e-26,3.4109136e-42
2.7734893,0.0042922774,0.0014775698,9.3628898e-20,0.0043335477,1.0213122e-22,0.0043129132,2.4109468e-05,1.02406e-06,8.9759265e-25,4.0084751e-07,1.9049693e-25,4.8961902e-42
2.782152,0.0043151372,0.0015399816,-1.0134497e-19,0.0043593813,-1.0235486e-22,0.0043372588,2.3955837e-05,9.0183474e-07,-1.0548393e-24,3.5800435e-07,-1.9498318e-25,8.0555432e-42
2.7905407,0.0043422834,0.0016000615,-1.3524259e-19,0.0043891943,-1.1532915e-22,0.0043657391,2.3814368e-05,7.868562e-07,-1.3349906e-24,3.1976253e-07,-2.8305909e-25,6.0490514e-42
2.7986642,0.0043733094,0.0016578828,7.6523363e-20,0.0044226095,9.7607497e-23,0.0043979612,2.3684345e-05,6.7870139e-07,8.1056923e-25,2.8565319e-07,1.5309156e-25,1.1080119e-42
2.8065307,0.0044078072,0.0017134718,1.0263549e-19,0.0044592378,9.7245872e-23,0.0044335227,2.3565134e-05,5.7699156e-07,1.1392654e-24,2.5525357e-07,1.9881759e-25,1.5983452e-42
2.8141485,0.004445352,0.0017668404,9.2481477e-21,0.0044986838,-5.1664179e-24,0.0044720172,2.3456156e-05,4.8137628e-07,8.7625334e-26,2.2818235e-07,1.9762979e-26,1.5744962e-42
2.8215254,0.0044855274,0.0018180472,-6.7715409e-20,0.0045405512,-6.8665309e-23,0.0045130394,2.3356864e-05,3.9153704e-07,-8.3598766e-25,2.0409601e-07,-1.12939e-25,2.4608215e-42
2.8286692,0.0045279312,0.0018671325,-5.6465013e-21,0.0045844482,1.4536504e-24,0.00455619,2.3266723e-05,3.0717649e-07,-5.5393238e-26,1.8268495e-07,-1.3865219e-26,2.9367123e-42
2.8355872,0.0045721695,0.0019141249,1.1579995e-20,0.0046299925,8.183185e-24,0.0046010808,2.31852e-05,2.2801841e-07,1.6038787e-25,1.6367031e-07,1.3244206e-26,1.5144834e-42
2.8422866,0.0046178637,0.0019590611,-6.948221e-21,0.0046768156,-9.0073581e-24,0.0046473391,2.3111746e-05,1.5381368e-07,-1.0931494e-25,1.4680056e-07,-4.7531106e-27,3.4377022e-43
2.8487743,0.0046646546,0.0020019758,5.5850534e-21,0.0047245671,6.5680219e-24,0.0046946112,2.3045793e-05,8.4333069e-08,8.0131893e-26,1.3184885e-07,8.6031799e-27,2.8593079e-43
2.8550571,0.0047122098,0.0020429243,-1.5539195e-20,0.0047729179,-1.5030169e-23,0.0047425657,2.2986739e-05,1.936098e-08,-2.4271718e-25,1.1861087e-07,-2.101387e-26,4.9784726e-43
2.8611414,0.0047602255,0.0020819691,8.3369421e-22,0.0048215627,-2.9434942e-24,0.0047908956,2.2933952e-05,-4.1297992e-08,4.3067946e-26,1.0690182e-07,-7.9389394e-27,2.3581361e-42
2.8670335,0.0048084196,0.0021191545,4.2980583e-20,0.0048702221,2.679062e-23,0.0048393209,2.2886772e-05,-9.7821175e-08,7.0556061e-25,9.6555325e-08,5.1031931e-26,2.8534073e-42
2.8727395,0.0048565352,0.0021545271,-1.0986585e-20,0.0049186438,-1.0723475e-23,0.004887589,2.28445e-05,-1.5037965e-07,-2.0635206e-25,8.7421516e-08,-8.699742e-27,2.1260183e-42
2.8782654,0.0049043471,0.002188163,9.716217e-21,0.0049666035,-9.6588893e-25,0.0049354755,2.2806412e-05,-1.9913183e-07,2.0485482e-25,7.9365168e-08,5.0399325e-27,2.889933e-42
2.8836168,0.0049516619,0.0022201373,-3.8852781e-20,0.0050139047,-3.133373e-23,0.0049827839,2.277176e-05,-2.4422615e-07,-7.8627337e-25,7.2264716e-08,-2.2031038e-26,5.9531337e-42
2.8887992,0.004998312,0.002250517,-3.5396558e-20,0.0050603783,-2.1262766e-23,0.0050293455,2.2739782e-05,-2.8580848e-07,-6.3926001e-25,6.6010978e-08,-3.4552493e-26,6.0241538e-42
2.893818,0.0050441527,0.0022793793,3.9520025e-20,0.0051058818,2.4913614e-23,0.0050750177,2.2709712e-05,-3.2402057e-07,7.8990396e-25,6.0506072e-08,2.3946696e-26,1.9548196e-42
2.8986784,0.0050890671,0.0023068019,-1.8693321e-20,0.0051502982,-1.2456404e-23,0.0051196832,2.2680794e-05,-3.5900102e-07,-3.8025045e-25,5.5662258e-08,-1.8938828e-26,9.9799544e-43
2.9033854,0.0051329617,0.0023328647,8.4371492e-22,0.0051935341,-4.0351426e-25,0.0051632479,2.2652284e-05,-3.9088994e-07,3.3977129e-26,5.1401181e-08,-3.5207186e-27,1.057475e-42
2.9079439,0.0051757598,0.0023576517,3.3658572e-20,0.0052355177,1.4529247e-23,0.0052056392,2.2623427e-05,-4.1982779e-07,7.599381e-25,4.7652908e-08,1.8375302e-26,1.2615408e-42
2.9123585,0.0052174084,0.0023812502,-2.4858845e-20,0.0052761973,-9.9027884e-24,0.0052468037,2.2593403e-05,-4.4595431e-07,-6.3505249e-25,4.4354855e-08,-1.0174838e-27,3.1949924e-42
2.9166338,0.0052578705,0.002403744,2.0494778e-20,0.0053155386,9.9322301e-24,0.0052867051,2.2561234e-05,-4.694064e-07,5.5132781e-25,4.1451e-08,4.9770075e-27,7.5409126e-42
2.9207742,0.0052971201,0.0024252071,7.2141776e-20,0.0053535228,2.4638896e-23,0.0053253216,2.2525682e-05,-4.90309e-07,1.8380375e-24,3.8890969e-08,1.4332538e-26,5.5857345e-42
2.924784,0.0053351445,0.0024457181,-2.0163922e-21,0.005390144,-7.926595e-24,0.0053626442,2.2485216e-05,-5.0878693e-07,-4.5969482e-26,3.6629669e-08,-1.7682271e-27,1.0411482e-42
2.9286673,0.0053719404,0.0024653555,-4.3061308e-20,0.0054254069,-1.1538099e-23,0.0053986737,2.2438075e-05,-5.2496968e-07,-1.2157106e-24,3.4626571e-08,2.2152866e-27,2.2720873e-42
2.9324281,0.0054075126,0.0024841886,-1.6077054e-20,0.0054593248,-5.9749876e-25,0.0054334187,2.2382416e-05,-5.389664e-07,-4.2885275e-25,3.2844205e-08,-4.3367287e-27,2.7625999e-42
2.9360703,0.00544187,0.0025022821,-2.6753099e-21,0.0054919167,8.1942256e-25,0.0054668933,2.2316503e-05,-5.50853e-07,-1.0439309e-25,3.1248726e-08,1.6273048e-27,2.2095034e-42
2.9395976,0.0054750247,0.0025196944,3.0879776e-21,0.0055232055,1.1298226e-25,0.0054991152,2.2238869e-05,-5.6066201e-07,1.2425535e-25,2.9809523e-08,-5.7028489e-28,1.9997407e-42
2.9430137,0.0055069896,0.0025364777,2.562684e-21,0.0055532161,-9.6786065e-26,0.0055301029,2.2148381e-05,-5.6841974e-07,5.9444214e-26,2.8498831e-08,6.3421871e-28,1.9433853e-42
2.946322,0.0055377769,0.0025526771,-2.1662767e-20,0.0055819725,-2.5772711e-24,0.0055598747,2.2044271e-05,-5.7417722e-07,-7.3405764e-25,2.7292364e-08,1.0413286e-26,9.8583336e-43
2.949526,0.0055673957,0.0025683274,4.7691677e-21,0.0056094965,3.6019127e-24,0.005588446,2.1926086e-05,-5.7798665e-07,1.7100071e-25,2.6169397e-08,-2.7895088e-27,2.5391215e-43
2.952629,0.0055958505,0.0025834556,4.7693484e-21,0.0056358055,-1.44455e-25,0.0056158279,2.1793544e-05,-5.7988362e-07,1.7327257e-25,2.5112314e-08,-3.8953205e-27,2.7259273e-43
2.9556341,0.0056231404,0.0025980816,-9.3122966e-21,0.0056609107,-2.1270683e-24,0.0056420254,2.1646373e-05,-5.7989921e-07,-3.694271e-25,2.4105721e-08,4.7690159e-27,4.1577448e-43
2.9585445,0.0056492567,0.0026122148,4.4089904e-21,0.0056848155,1.6995969e-25,0.005667036,2.1484207e-05,-5.7806762e-07,1.9986123e-25,2.3136545e-08,-2.6844188e-27,1.8561172e-42
2.9613632,0.0056741823,0.0026258536,1.7379986e-20,0.0057075136,2.4977498e-25,0.005690848,2.1306564e-05,-5.7445083e-07,7.2931892e-25,2.2195516e-08,-9.8696582e-27,1.829081e-42
2.964093,0.0056978897,0.0026389882,-1.0484378e-20,0.0057289882,-2.0560996e-24,0.0057134392,2.1112876e-05,-5.6913502e-07,-4.7909883e-25,2.1276382e-08,1.001864e-26,1.4634855e-42
2.9667367,0.0057203392,0.0026516007,-1.1700701e-20,0.0057492112,-1.1237674e-24,0.0057347754,2.0902516e-05,-5.6221675e-07,-5.1814179e-25,2.0374562e-08,1.15121e-26,1.7999936e-42
2.9692971,0.0057414754,0.0026636524,5.8907844e-21,0.0057681447,-2.1287424e-25,0.0057548096,2.0674867e-05,-5.538035e-07,2.7628778e-25,1.9486897e-08,-7.4030139e-27,2.6864697e-42
2.9717768,0.0057612231,0.0026750591,-6.4582018e-21,0.0057857404,6.1807617e-25,0.0057734804,2.0429404e-05,-5.4401116e-07,-3.3980497e-25,1.8611933e-08,6.8092974e-27,3.4205442e-42
2.9741784,0.0057794901,0.0026857046,3.5330965e-21,0.0058019273,-2.1596308e-25,0.0057907121,2.0166071e-05,-5.3299634e-07,2.1071338e-25,1.7751312e-08,-6.4250822e-27,3.7810993e-42
2.9765042,0.0057961936,0.0026958877,8.6091426e-21,0.0058166337,-2.995785e-24,0.0058064156,1.9884813e-05,-5.2093517e-07,4.4449496e-25,1.6907892e-08,-1.0376106e-26,4.0046549e-42
2.9787568,0.0058112071,0.0027052687,-8.7041716e-21,0.0058297698,6.3641859e-25,0.0058204817,1.9584976e-05,-5.0785762e-07,-4.9828554e-25,1.6077565e-08,1.3662259e-26,2.2684895e-42
2.9809383,0.0058243494,0.0027122235,3.5389597e-21,0.0058411883,1.2946656e-24,0.0058327668,1.9258602e-05,-4.9349338e-07,2.3121937e-25,1.5250787e-08,-7.2065625e-27,1.1026301e-42
2.9830511,0.0058354569,0.0027170227,-9.9043077e-22,0.005850702,-9.5645348e-25,0.0058430826,1.8892773e-05,-4.7745886e-07,-9.0674526e-26,1.4417372e-08,1.4379118e-27,1.2931143e-42
2.9850974,0.0058443134,0.0027207898,-7.6876069e-21,0.0058580441,8.9195842e-25,0.0058511796,1.8485981e-05,-4.5972468e-07,-4.9582375e-25,1.3569811e-08,1.0132849e-26,8.9784153e-43
2.9870791,0.0058506202,0.0027233842,1.5151141e-21,0.0058628896,7.0171098e-25,0.0058567551,1.8045514e-05,-4.4064444e-07,9.6202719e-26,1.2711947e-08,-2.102645e-27,1.7466327e-43
2.9889984,0.0058540517,0.0027246527,2.5388761e-21,0.0058649077,3.6569399e-25,0.0058594799,1.7577374e-05,-4.2062929e-07,1.8547638e-25,1.1855519e-08,-2.9535328e-27,2.2928316e-43
2.9908573,0.0058542602,0.0027244333,1.5286933e-21,0.0058637497,4.3854041e-25,0.0058590051,1.7086447e-05,-4.0004601e-07,1.0791127e-25,1.1012567e-08,-2.315138e-27,1.6330036e-43
2.9926575,0.0058508738,0.0027225536,1.2932135e-22,0.0058590469,3.0155837e-25,0.0058549603,1.6577164e-05,-3.7919202e-07,1.1238463e-26,1.0192456e-08,-1.1219264e-27,9.0958945e-44
2.9944011,0.0058434961,0.0027188308,-1.9805012e-21,0.0058504085,1.2038186e-24,0.0058469523,1.6053642e-05,-3.583089e-07,-1.8586034e-25,9.402123e-09,4.8812804e-27,5.0703325e-43
2.9960897,0.0058317057,0.0027130704,5.4111894e-22,0.0058374192,1.4151701e-24,0.0058345625,1.5519651e-05,-3.3760733e-07,5.8128144e-26,8.6472933e-09,-1.3761077e-27,1.1069854e-42
2.9977251,0.0058150527,0.0027050646,5.8556107e-21,0.0058196349,-3.774664e-25,0.0058173441,1.4978555e-05,-3.1726109e-07,5.5073478e-25,7.9320472e-09,-1.2122187e-26,1.0486318e-42
2.999309,0.0057930553,0.0026945909,5.711804e-21,0.0057965823,-1.2819168e-24,0.005794818,1.4433311e-05,-2.9740784e-07,5.7599976e-25,7.2588931e-09,-1.1553585e-26,8.420043e-43
3.000843,0.0057651979,0.0026814105,2.498247e-21,0.0057677567,-2.3552052e-24,0.0057664708,1.3886515e-05,-2.7815015e-07,2.634421e-25,6.6287625e-09,-6.7764241e-27,5.2515626e-43
3.0023287,0.0057309285,0.0026652679,-4.677332e-21,0.0057326044,-5.6880733e-25,0.0057317521,1.3340457e-05,-2.5954993e-07,-5.2084512e-25,6.0408584e-09,1.0000723e-26,6.0131329e-43
3.0037676,0.0056896566,0.0026458898,4.281636e-22,0.0056905239,-5.6917526e-25,0.005690073,1.2797169e-05,-2.4164822e-07,8.493007e-26,5.493757e-09,-9.180743e-28,1.3086328e-42
3.0051611,0.0056407521,0.0026229843,-1.6203316e-21,0.0056408912,-5.6658855e-25,0.0056408043,1.2258434e-05,-2.2447822e-07,-2.3459451e-25,4.9860613e-09,4.8890119e-27,2.6346682e-42
3.0065108,0.0055835442,0.0025962412,-3.2508413e-21,0.0055830445,4.869087e-25,0.0055832758,1.1725789e-05,-2.0805802e-07,-3.9575316e-25,4.5159436e-09,7.8459222e-27,2.2919745e-42
3.0078179,0.0055173225,0.0025653323,-1.1539916e-22,0.0055162624,-4.1938507e-26,0.0055167771,1.1200523e-05,-1.9240174e-07,-4.55553e-26,4.0814306e-09,7.7508086e-28,1.0206806e-42
3.0090839,0.0054413379,0.0025299128,-6.0838748e-22,0.0054397954,7.6962499e-25,0.0054405586,1.0683686e-05,-1.7751794e-07,-7.2282077e-26,3.6807062e-09,1.9613797e-27,9.7771227e-43
3.01031,0.0053548067,0.0024896243,3.1254281e-21,0.0053528685,1.1433158e-25,0.005353836,1.0176116e-05,-1.6339054e-07,5.023939e-25,3.3116876e-09,-8.7301402e-27,5.4396171e-43
3.0114975,0.0052569155,0.0024440712,-1.8806962e-22,0.0052546644,4.0177556e-26,0.0052557947,9.6785067e-06,-1.4999382e-07,-4.3915515e-26,2.9720852e-09,1.1649304e-27,6.4872286e-43
3.0126476,0.0051468296,0.0023928063,-1.7486316e-21,0.0051443508,3.3649455e-25,0.0051455983,9.191234e-06,-1.3733217e-07,-3.2533469e-25,2.6602551e-09,4.885659e-27,1.1891305e-42
3.0137614,0.0050237106,0.0023354667,9.5806476e-22,0.005021087,-5.0655626e-25,0.0050224052,8.7142853e-06,-1.2540199e-07,2.1883707e-25,2.3745447e-09,-4.1276609e-27,1.2296679e-42
3.0148402,0.0048867381,0.0022717282,-2.2573547e-22,0.0048840357,-3.3084532e-25,0.0048853924,8.2476924e-06,-1.1415147e-07,-8.4256297e-26,2.1124738e-09,1.4073019e-27,1.3561593e-42
3.015885,0.0047351376,0.0022012167,-1.0684235e-21,0.004732412,2.2068045e-25,0.0047337821,7.7916249e-06,-1.0352425e-07,-2.3735341e-25,1.8717108e-09,3.5663865e-27,9.9193952e-43
3.0168969,0.0045682167,0.0021236012,1.7317105e-22,0.004565523,9.8788884e-26,0.0045668787,7.3461637e-06,-9.3490778e-08,2.3623602e-26,1.6506532e-09,-2.3585736e-28,3.2206667e-43
3.017877,0.0043854117,0.002038614,3.8954164e-22,0.0043828022,1.3803213e-25,0.0043841148,6.9112666e-06,-8.4054045e-08,1.3978266e-25,1.448434e-09,-1.5185044e-27,6.2455907e-43
3.0188261,0.0041863447,0.0019460755,5.2413948e-22,0.004183861,-3.5311256e-25,0.0041851088,6.4867821e-06,-7.5227764e-08,1.5479032e-25,1.2643633e-09,-2.4163825e-27,7.1439496e-43
3.0197454,0.0039708928,0.0018459259,-6.236438e-22,0.0039685668,1.1685449e-25,0.0039697337,6.0724834e-06,-6.699825e-08,-2.369256e-25,1.0973223e-09,2.8536165e-27,3.5321959e-43
3.0206357,0.0037392633,0.0017382596,3.8766856e-22,0.0037371194,3.5589986e-25,0.0037381933,5.6681465e-06,-5.9337379e-08,1.9404747e-25,9.4618243e-10,-2.1733866e-27,6.9674021e-43
3.021498,0.0034920664,0.0016233584,4.1579117e-22,0.0034901218,-2.4243508e-25,0.0034910939,5.2739357e-06,-5.2235136e-08,1.8705567e-25,8.1011021e-10,-2.0696142e-27,8.3399803e-43
3.0223332,0.0032302965,0.001500806,-1.5705678e-22,0.0032285669,-1.5785729e-25,0.0032294307,4.8931574e-06,-4.5670324e-08,-7.361136e-26,6.8756481e-10,1.034505e-27,3.152591e-43
3.023142,0.0029550128,0.0013621154,-2.773593e-22,0.0029535163,4.1094272e-26,0.0029542649,4.5326052e-06,-3.9663938e-08,-2.1564373e-25,5.7780097e-10,1.7996668e-27,5.5853059e-43
3.0239254,0.0026680947,0.001208653,-2.3216127e-22,0.0026668337,1.0512576e-25,0.0026674645,4.1909191e-06,-3.4193124e-08,-1.7040136e-25,4.8025426e-10,1.452313e-27,5.7949595e-43
3.0246841,0.0023731527,0.0010503387,2.1944524e-22,0.0023721121,-6.4431205e-26,0.0023726322,3.8563714e-06,-2.9194238e-08,2.3890567e-25,3.9445086e-10,-2.1835647e-27,3.6035216e-43
3.0254189,0.0020752398,0.00088995711,-6.7061813e-24,0.0020744033,-1.1872973e-25,0.0020748215,3.5216859e-06,-2.4658021e-08,-5.7139057e-26,3.2033183e-10,5.8559728e-28,7.6759949e-43
3.0261306,0.0017805458,0.00073219422,-1.1314539e-22,0.0017798933,2.7398322e-26,0.0017802196,3.1861875e-06,-2.0566249e-08,-1.6631846e-25,2.5684222e-10,1.4236424e-27,5.4365927e-43
3.0268199,0.0014960037,0.00058241536,8.5170864e-23,0.0014955116,5.0701743e-27,0.0014957577,2.8507095e-06,-1.6908447e-08,2.0931659e-25,2.0303952e-10,-1.4851959e-27,4.0832741e-43
3.0274874,0.0012286426,0.0004460059,3.6234996e-23,0.0012282851,-3.0148328e-26,0.0012284639,2.5179244e-06,-1.3678359e-08,8.5295281e-26,1.5802545e-10,-6.2826828e-28,4.8902522e-43
3.028134,0.00098477423,0.0003275012,-1.4475886e-23,0.00098452495,-2.7946032e-26,0.0009846496,2.1923016e-06,-1.0870145e-08,-4.6030132e-26,1.208932e-10,1.788686e-28,1.479527e-43
3.0287602,0.00076920224,0.00022976116,-5.550561e-24,0.00076903622,-1.4186876e-26,0.00076911923,1.8795492e-06,-8.4732915e-09,-5.3336678e-26,9.0725258e-11,3.3882818e-28,1.6015252e-43
3.0293667,0.00058467808,0.00015349672,-4.8555853e-24,0.00058457295,4.4726506e-27,0.00058462551,1.5856304e-06,-6.4687222e-09,-2.1480629e-26,6.6603614e-11,2.1488916e-28,2.0329001e-43
3.029954,0.00043175184,9.7334001e-05,2.563468e-24,0.00043168887,-3.1602915e-27,0.00043172035,1.3156782e-06,-4.8291634e-09,1.9812169e-26,4.7645398e-11,-1.1488979e-28,8.5633543e-44
3.0305229,0.00030902109,5.8363945e-05,-1.7986222e-24,0.00030898562,-2.0497983e-28,0.00030900335,1.0731956e-06,-3.520884e-09,-4.5786375e-26,3.3081567e-11,2.0193754e-28,4.9774196e-44
3.0310739,0.0002136467,3.2928186e-05,4.816832e-25,0.00021362805,2.4583825e-27,0.00021363737,8.5976734e-07,-2.5017794e-09,3.7331313e-26,2.2186974e-11,-1.4898175e-28,1.2070438e-43
3.0316075,0.00014195153,1.7353375e-05,7.558516e-25,0.00014194246,-5.3382053e-28,0.000141947,6.7525071e-07,-1.7253832e-09,5.4830625e-26,1.4266128e-11,-2.0978633e-28,1.1272972e-43
3.0321244,8.9952497e-05,8.4505392e-06,-1.0018315e-25,8.9948476e-05,-5.0057505e-28,8.9950485e-05,5.1824645e-07,-1.1479408e-09,-2.7473265e-26,8.7094739e-12,6.7850945e-29,7.9031826e-44
3.0326249,5.3750769e-05,3.7408597e-06,-1.0288143e-25,5.3749173e-05,7.0796177e-29,5.3749971e-05,3.8662984e-07,-7.3020164e-10,-2.2999521e-26,4.9841343e-12,7.7514625e-29,7.8120933e-44
3.0331097,2.9771652e-05,1.4684266e-06,1.4647525e-26,2.9771101e-05,5.37848e-30,2.9771377e-05,2.7800265e-07,-4.3803711e-10,1.1547706e-26,2.6290302e-12,-2.2531288e-29,1.278756e-44
3.0335792,1.4883402e-05,4.9183085e-07,-7.341362e-28,1.4883244e-05,-1.6749229e-29,1.4883323e-05,1.9001945e-07,-2.4259249e-10,-1.0053943e-26,1.2446432e-12,1.4533398e-29,3.2873426e-44
3.034034,6.4356231e-06,1.3221847e-07,-1.4287518e-27,6.4355877e-06,1.9824436e-30,6.4356054e-06,1.2060063e-07,-1.1938088e-10,-4.3032881e-27,5.0437105e-13,8.7479059e-30,5.2531933e-44
3.0344744,2.2563255e-06,2.5865124e-08,2.9314537e-28,2.25632e-06,8.8026747e-31,2.2563227e-06,6.8061111e-08,-4.8884877e-11,8.069334e-27,1.6396627e-13,-9.957646e-30,2.0839846e-44
3.034901,6.6071759e-07,3.3041899e-09,-1.2469673e-30,6.6071711e-07,-1.4045055e-31,6.6071733e-07,3.1180122e-08,-1.4740399e-11,-4.6761128e-28,4.1430952e-14,2.9613854e-31,9.1296683e-46
3.0353141,8.5197964e-07,5.5895163e-10,-1.8851692e-31,8.5197961e-07,2.471807e-34,8.5197962e-07,9.2081163e-09,-2.794151e-12,-3.5714068e-28,9.7968468e-15,2.7495945e-31,8.012312e-46
3.0357143,6.6666667e-11,0,0,6.6666667e-11,0,6.6666667e-11,0,0,0,0,0,0
