x,y,z,U_0,U_1,U_2
3.1585,0,0.05,0,0,0
3.1585,0.00303904,0.05,-0.000421173,-2.16338e-06,4.02145e-24
3.1585,0.00607808,0.05,-0.000635553,-6.79301e-06,5.72264e-24
3.1585,0.00911712,0.05,-0.000742092,-1.27944e-05,3.49428e-24
3.1585,0.0121562,0.05,-0.000799207,-1.96048e-05,1.16975e-23
3.1585,0.0151952,0.05,-0.000832004,-2.69803e-05,1.16041e-23
3.1585,0.0182342,0.05,-0.000850955,-3.47659e-05,-9.45805e-24
3.1585,0.0212733,0.05,-0.000859626,-4.292e-05,-3.35567e-23
3.1585,0.0243123,0.05,-0.000861739,-5.13574e-05,-3.05816e-23
3.1585,0.0273514,0.05,-0.000860153,-5.99703e-05,-1.26645e-23
3.1585,0.0303904,0.05,-0.000855179,-6.87517e-05,1.6243e-23
3.1585,0.0334294,0.05,-0.000846468,-7.77468e-05,1.91167e-23
3.1585,0.0364685,0.05,-0.000836314,-8.68299e-05,1.58849e-23
3.1585,0.0395075,0.05,-0.000823954,-9.60492e-05,3.966e-24
3.1585,0.0425465,0.05,-0.00080991,-0.000105384,1.62816e-26
3.1585,0.0455856,0.05,-0.000794968,-0.000114776,1.13516e-26
3.1585,0.0486246,0.05,-0.000778087,-0.000124308,1.32147e-23
3.1585,0.0516637,0.05,-0.000760863,-0.000133865,2.53684e-23
3.1585,0.0547027,0.05,-0.000741962,-0.000143541,-1.9955e-24
3.1585,0.0577417,0.05,-0.000722797,-0.000153239,-2.89439e-23
3.1585,0.0607808,0.05,-0.000702302,-0.000163032,-4.05901e-23
3.1585,0.0638198,0.05,-0.000681575,-0.000172843,-4.0073e-23
3.1585,0.0668589,0.05,-0.000659653,-0.000182739,2.89861e-23
3.1585,0.0698979,0.05,-0.000637642,-0.000192643,9.9875e-23
3.1585,0.0729369,0.05,-0.000614416,-0.00020263,8.72836e-23
3.1585,0.075976,0.05,-0.000591191,-0.000212617,7.46922e-23
3.1585,0.079015,0.05,-0.000566895,-0.000222676,3.16357e-23
3.1585,0.0820541,0.05,-0.000542456,-0.000232743,-7.78363e-24
3.1585,0.0850931,0.05,-0.000517331,-0.000242854,-3.07912e-23
3.1585,0.0881321,0.05,-0.000491742,-0.000252992,-3.9392e-23
3.1585,0.0911712,0.05,-0.000465923,-0.000263144,-4.49993e-23
3.1585,0.0942102,0.05,-0.000439229,-0.000273343,-6.25038e-23
3.1585,0.0972492,0.05,-0.000412535,-0.000283542,-8.00083e-23
3.1585,0.100288,0.05,-0.000385073,-0.000293781,-5.47582e-23
3.1585,0.103327,0.05,-0.000357305,-0.000304033,-6.59245e-24
3.1585,0.106366,0.05,-0.000329418,-0.000314292,4.91973e-23
3.1585,0.109405,0.05,-0.000300594,-0.000324589,6.56909e-23
3.1585,0.112444,0.05,-0.000271769,-0.000334886,8.21846e-23
3.1585,0.115483,0.05,-0.000242529,-0.000345199,5.98927e-23
3.1585,0.118523,0.05,-0.000212657,-0.000355533,1.67146e-23
3.1585,0.121562,0.05,-0.000182785,-0.000365868,-2.64636e-23
3.1585,0.124601,0.05,-0.000152321,-0.000376219,-3.75325e-23
3.1585,0.12764,0.05,-0.000121401,-0.000386583,-3.84778e-23
3.1585,0.130679,0.05,-9.04808e-05,-0.000396947,-3.9423e-23
3.1585,0.133718,0.05,-5.89186e-05,-0.000407325,-4.6196e-23
3.1585,0.136757,0.05,-2.69434e-05,-0.00041771,-5.75436e-23
3.1585,0.139796,0.05,5.03183e-06,-0.000428096,-6.88911e-23
3.1585,0.142835,0.05,3.7569e-05,-0.00043849,-7.46379e-23
3.1585,0.145874,0.05,7.06117e-05,-0.00044889,-5.09629e-23
3.1585,0.148913,0.05,0.000103654,-0.00045929,-2.72879e-23
3.1585,0.151952,0.05,0.000137037,-0.000469693,1.91624e-23
3.1585,0.154991,0.05,0.000171165,-0.0004801,4.22005e-23
3.1585,0.15803,0.05,0.000205293,-0.000490507,6.52386e-23
3.1585,0.161069,0.05,0.000239487,-0.000500894,8.29138e-23
3.1585,0.164108,0.05,0.000274616,-0.00051132,7.29598e-23
3.1585,0.167147,0.05,0.000309851,-0.000521725,7.25563e-23
3.1585,0.170186,0.05,0.000345085,-0.000532131,7.21528e-23
3.1585,0.173225,0.05,0.000380858,-0.000542533,7.14219e-23
3.1585,0.176264,0.05,0.000417225,-0.000552929,3.00447e-23
3.1585,0.179303,0.05,0.000453591,-0.000563326,-1.13325e-23
3.1585,0.182342,0.05,0.000489958,-0.000573722,-5.27097e-23
3.1585,0.185381,0.05,0.000527301,-0.000584105,-1.04318e-22
3.1585,0.18842,0.05,0.000564828,-0.000594484,-1.04728e-22
3.1585,0.191459,0.05,0.000602355,-0.000604863,-1.05138e-22
3.1585,0.194498,0.05,0.000640082,-0.000615199,-6.95265e-23
3.1585,0.197538,0.05,0.000678668,-0.000625594,-1.85716e-23
3.1585,0.200577,0.05,0.000717386,-0.000635947,2.01766e-23
3.1585,0.203616,0.05,0.000756104,-0.000646299,5.89247e-23
3.1585,0.206655,0.05,0.000795034,-0.000656629,7.2618e-23
3.1585,0.209694,0.05,0.000834909,-0.000666967,5.40822e-23
3.1585,0.212733,0.05,0.000874852,-0.000677284,3.55104e-23
3.1585,0.215772,0.05,0.000914794,-0.000687601,1.69386e-23
3.1585,0.218811,0.05,0.000954971,-0.000697858,1.27454e-25
3.1585,0.22185,0.05,0.000995963,-0.000708193,1.6218e-23
3.1585,0.224889,0.05,0.00103716,-0.000718465,3.5533e-23
3.1585,0.227928,0.05,0.00107837,-0.000728737,5.48481e-23
3.1585,0.230967,0.05,0.00111957,-0.000739009,7.41632e-23
3.1585,0.234006,0.05,0.00116175,-0.000749244,6.67553e-23
3.1585,0.237045,0.05,0.00120425,-0.00075946,4.79096e-23
3.1585,0.240084,0.05,0.00124674,-0.000769677,2.90638e-23
3.1585,0.243123,0.05,0.00128924,-0.000779893,1.02181e-23
3.1585,0.246162,0.05,0.00133217,-0.000790096,-2.38266e-24
3.1585,0.249201,0.05,0.001376,-0.000800246,-1.99824e-23
3.1585,0.25224,0.05,0.00141983,-0.000810396,-3.75822e-23
3.1585,0.255279,0.05,0.00146365,-0.000820546,-5.51819e-23
3.1585,0.258318,0.05,0.00150748,-0.000830695,-7.27817e-23
3.1585,0.261357,0.05,0.00155229,-0.0008408,-5.2921e-23
3.1585,0.264396,0.05,0.00159749,-0.000850872,-2.64645e-24
3.1585,0.267435,0.05,0.00164269,-0.000860944,4.76281e-23
3.1585,0.270474,0.05,0.00168789,-0.000871016,9.79026e-23
3.1585,0.273514,0.05,0.00173316,-0.000881071,1.48585e-22
3.1585,0.276553,0.05,0.00177959,-0.00089109,1.67154e-22
3.1585,0.279592,0.05,0.0018262,-0.000901071,1.20137e-22
3.1585,0.282631,0.05,0.0018728,-0.000911052,7.31197e-23
3.1585,0.28567,0.05,0.0019194,-0.000921033,2.61027e-23
3.1585,0.288709,0.05,0.00196617,-0.000930978,-3.45456e-23
3.1585,0.291748,0.05,0.002014,-0.000940915,-1.70005e-22
3.1585,0.294787,0.05,0.00206204,-0.000950791,-1.53472e-22
3.1585,0.297826,0.05,0.00211009,-0.000960668,-1.3694e-22
3.1585,0.300865,0.05,0.00215814,-0.000970545,-1.20408e-22
3.1585,0.303904,0.05,0.00220618,-0.000980422,-1.03875e-22
3.1585,0.306943,0.05,0.00225542,-0.000990229,4.79952e-23
3.1585,0.309982,0.05,0.00230495,-0.000999988,-3.8456e-24
3.1585,0.313021,0.05,0.00235447,-0.00100975,-5.56864e-23
3.1585,0.31606,0.05,0.00240399,-0.00101951,-1.07527e-22
3.1585,0.319099,0.05,0.00245352,-0.00102926,-1.59368e-22
3.1585,0.322138,0.05,0.00250374,-0.001039,-3.07494e-22
3.1585,0.325177,0.05,0.00255477,-0.00104862,-3.5316e-22
3.1585,0.328216,0.05,0.0026058,-0.00105825,-3.98826e-22
3.1585,0.331255,0.05,0.00265684,-0.00106787,-4.44493e-22
3.1585,0.334294,0.05,0.00270787,-0.0010775,-4.90159e-22
3.1585,0.337333,0.05,0.00275894,-0.00108712,-5.34136e-22
3.1585,0.340372,0.05,0.00281136,-0.00109665,-3.8888e-22
3.1585,0.343411,0.05,0.00286393,-0.00110613,-2.06604e-22
3.1585,0.34645,0.05,0.00291651,-0.0011156,-2.43272e-23
3.1585,0.349489,0.05,0.00296909,-0.00112507,1.57949e-22
3.1585,0.352529,0.05,0.00302166,-0.00113455,3.40226e-22
3.1585,0.355568,0.05,0.00307503,-0.00114386,5.14517e-22
3.1585,0.358607,0.05,0.00312866,-0.00115335,5.45183e-22
3.1585,0.361646,0.05,0.0031828,-0.00116266,5.4513e-22
3.1585,0.364685,0.05,0.00323695,-0.00117196,5.45076e-22
3.1585,0.367724,0.05,0.00329109,-0.00118127,5.45023e-22
3.1585,0.370763,0.05,0.00334524,-0.00119057,5.4497e-22
3.1585,0.373802,0.05,0.00340034,-0.0011997,5.11558e-22
3.1585,0.376841,0.05,0.00345548,-0.00120903,3.94832e-22
3.1585,0.37988,0.05,0.00351122,-0.00121814,2.77705e-22
3.1585,0.382919,0.05,0.00356696,-0.00122726,1.60578e-22
3.1585,0.385958,0.05,0.00362269,-0.00123638,4.34512e-23
3.1585,0.388997,0.05,0.00367843,-0.0012455,-7.36758e-23
3.1585,0.392036,0.05,0.00373463,-0.00125453,-1.77935e-22
3.1585,0.395075,0.05,0.00379163,-0.0012636,-1.85384e-22
3.1585,0.398114,0.05,0.00384898,-0.00127251,-2.1262e-22
3.1585,0.401153,0.05,0.00390632,-0.00128142,-2.39856e-22
3.1585,0.404192,0.05,0.00396367,-0.00129033,-2.67093e-22
3.1585,0.407231,0.05,0.00402102,-0.00129924,-2.94329e-22
3.1585,0.41027,0.05,0.00407837,-0.00130814,-3.21566e-22
3.1585,0.413309,0.05,0.00413688,-0.00131699,-4.12132e-22
3.1585,0.416348,0.05,0.00419582,-0.00132568,-3.29371e-22
3.1585,0.419387,0.05,0.00425479,-0.00133436,-2.44155e-22
3.1585,0.422426,0.05,0.00431376,-0.00134304,-1.5894e-22
3.1585,0.425465,0.05,0.00437273,-0.00135172,-7.37247e-23
3.1585,0.428505,0.05,0.0044317,-0.00136039,1.14907e-23
3.1585,0.431544,0.05,0.00449124,-0.00136897,1.25073e-22
3.1585,0.434583,0.05,0.00455146,-0.0013776,2.63648e-22
3.1585,0.437622,0.05,0.00461205,-0.00138602,2.61961e-22
3.1585,0.440661,0.05,0.00467265,-0.00139445,2.60274e-22
3.1585,0.4437,0.05,0.00473324,-0.00140287,2.58587e-22
3.1585,0.446739,0.05,0.00479383,-0.0014113,2.569e-22
3.1585,0.449778,0.05,0.00485442,-0.00141972,2.55213e-22
3.1585,0.452817,0.05,0.00491622,-0.00142794,1.97039e-22
3.1585,0.455856,0.05,0.00497776,-0.00143636,1.48399e-22
3.1585,0.458895,0.05,0.00503997,-0.00144451,1.21367e-22
3.1585,0.461934,0.05,0.00510217,-0.00145265,9.43345e-23
3.1585,0.464973,0.05,0.00516438,-0.0014608,6.73024e-23
3.1585,0.468012,0.05,0.00522659,-0.00146894,4.02704e-23
3.1585,0.471051,0.05,0.0052888,-0.00147708,1.32383e-23
3.1585,0.47409,0.05,0.0053521,-0.00148504,2.1583e-24
3.1585,0.477129,0.05,0.00541532,-0.00149317,8.74363e-23
3.1585,0.480168,0.05,0.00547913,-0.00150101,5.97259e-23
3.1585,0.483207,0.05,0.00554293,-0.00150885,3.20156e-23
3.1585,0.486246,0.05,0.00560673,-0.00151669,4.30523e-24
3.1585,0.489285,0.05,0.00567054,-0.00152453,-2.34051e-23
3.1585,0.492324,0.05,0.00573434,-0.00153236,-5.11154e-23
3.1585,0.495363,0.05,0.00579833,-0.00154017,-9.03904e-23
3.1585,0.498402,0.05,0.00586366,-0.00154792,-2.9453e-22
3.1585,0.501441,0.05,0.00592903,-0.00155542,-2.92026e-22
3.1585,0.50448,0.05,0.00599439,-0.00156293,-2.89521e-22
3.1585,0.50752,0.05,0.00605976,-0.00157043,-2.87017e-22
3.1585,0.510559,0.05,0.00612512,-0.00157793,-2.84513e-22
3.1585,0.513598,0.05,0.00619049,-0.00158544,-2.82009e-22
3.1585,0.516637,0.05,0.00625585,-0.00159294,-2.79505e-22
3.1585,0.519676,0.05,0.00632317,-0.00160013,-1.91812e-22
3.1585,0.522715,0.05,0.0063891,-0.00160765,-1.41455e-22
3.1585,0.525754,0.05,0.00645597,-0.00161479,-8.88148e-23
3.1585,0.528793,0.05,0.00652284,-0.00162193,-3.61745e-23
3.1585,0.531832,0.05,0.00658972,-0.00162907,1.64658e-23
3.1585,0.534871,0.05,0.00665659,-0.00163621,6.91061e-23
3.1585,0.53791,0.05,0.00672347,-0.00164335,1.21746e-22
3.1585,0.540949,0.05,0.00679034,-0.00165049,1.74387e-22
3.1585,0.543988,0.05,0.00685928,-0.00165735,1.9379e-22
3.1585,0.547027,0.05,0.006927,-0.00166435,1.69194e-22
3.1585,0.550066,0.05,0.00699532,-0.00167109,1.42475e-22
3.1585,0.553105,0.05,0.00706363,-0.00167784,1.15755e-22
3.1585,0.556144,0.05,0.00713195,-0.00168458,8.90359e-23
3.1585,0.559183,0.05,0.00720026,-0.00169133,6.23164e-23
3.1585,0.562222,0.05,0.00726858,-0.00169808,3.55969e-23
3.1585,0.565261,0.05,0.00733689,-0.00170482,8.87742e-24
3.1585,0.5683,0.05,0.00740741,-0.00171127,2.23392e-24
3.1585,0.571339,0.05,0.00747645,-0.00171786,2.14284e-24
3.1585,0.574378,0.05,0.00754612,-0.00172418,2.1762e-24
3.1585,0.577417,0.05,0.00761578,-0.0017305,2.20956e-24
3.1585,0.580456,0.05,0.00768544,-0.00173682,2.24291e-24
3.1585,0.583495,0.05,0.0077551,-0.00174315,2.27627e-24
3.1585,0.586535,0.05,0.00782476,-0.00174947,2.30963e-24
3.1585,0.589574,0.05,0.00789443,-0.00175579,2.34298e-24
3.1585,0.592613,0.05,0.00796648,-0.00176172,3.58457e-24
3.1585,0.595652,0.05,0.00803639,-0.00176804,8.95215e-24
3.1585,0.598691,0.05,0.00810728,-0.00177391,9.41616e-24
3.1585,0.60173,0.05,0.00817817,-0.00177977,9.88017e-24
3.1585,0.604769,0.05,0.00824906,-0.00178564,1.03442e-23
3.1585,0.607808,0.05,0.00831995,-0.0017915,1.08082e-23
3.1585,0.610847,0.05,0.00839084,-0.00179737,1.12722e-23
3.1585,0.613886,0.05,0.00846173,-0.00180323,1.17362e-23
3.1585,0.616925,0.05,0.00853365,-0.00180893,2.40398e-23
3.1585,0.619964,0.05,0.00860588,-0.00181465,1.56526e-23
3.1585,0.623003,0.05,0.00867761,-0.00182015,4.92089e-23
3.1585,0.626042,0.05,0.00874958,-0.00182553,9.9221e-23
3.1585,0.629081,0.05,0.00882155,-0.00183091,1.49233e-22
3.1585,0.63212,0.05,0.00889352,-0.00183629,1.99245e-22
3.1585,0.635159,0.05,0.00896549,-0.00184167,2.49257e-22
3.1585,0.638198,0.05,0.00903747,-0.00184704,2.99269e-22
3.1585,0.641237,0.05,0.00910944,-0.00185242,3.49282e-22
3.1585,0.644276,0.05,0.00918364,-0.00185742,4.31155e-22
3.1585,0.647315,0.05,0.00925581,-0.00186281,6.77078e-22
3.1585,0.650354,0.05,0.00932868,-0.00186768,6.28866e-22
3.1585,0.653393,0.05,0.00940155,-0.00187254,5.80654e-22
3.1585,0.656432,0.05,0.00947443,-0.00187741,5.32441e-22
3.1585,0.659471,0.05,0.0095473,-0.00188227,4.84229e-22
3.1585,0.662511,0.05,0.00962017,-0.00188714,4.36017e-22
3.1585,0.66555,0.05,0.00969304,-0.001892,3.87805e-22
3.1585,0.668589,0.05,0.00976592,-0.00189687,3.39593e-22
3.1585,0.671628,0.05,0.00984136,-0.00190128,2.05267e-23
3.1585,0.674667,0.05,0.00991408,-0.00190616,-3.24269e-22
3.1585,0.677706,0.05,0.00998764,-0.00191048,-3.48227e-22
3.1585,0.680745,0.05,0.0100612,-0.00191481,-3.72184e-22
3.1585,0.683784,0.05,0.0101348,-0.00191913,-3.96141e-22
3.1585,0.686823,0.05,0.0102083,-0.00192346,-4.20098e-22
3.1585,0.689862,0.05,0.0102819,-0.00192778,-4.44055e-22
3.1585,0.692901,0.05,0.0103554,-0.00193211,-4.68012e-22
3.1585,0.69594,0.05,0.010429,-0.00193643,-4.91969e-22
3.1585,0.698979,0.05,0.0105047,-0.00194037,-2.60972e-22
3.1585,0.702018,0.05,0.0105784,-0.00194465,-1.69629e-22
3.1585,0.705057,0.05,0.0106523,-0.00194846,-1.47377e-22
3.1585,0.708096,0.05,0.0107263,-0.00195222,-1.25273e-22
3.1585,0.711135,0.05,0.0108003,-0.00195598,-1.03169e-22
3.1585,0.714174,0.05,0.0108743,-0.00195974,-8.10645e-23
3.1585,0.717213,0.05,0.0109483,-0.00196351,-5.89602e-23
3.1585,0.720252,0.05,0.0110223,-0.00196727,-3.68558e-23
3.1585,0.723291,0.05,0.0110963,-0.00197103,-1.47515e-23
3.1585,0.72633,0.05,0.0111713,-0.00197459,2.98642e-25
3.1585,0.729369,0.05,0.0112468,-0.00197803,2.80847e-24
3.1585,0.732408,0.05,0.0113205,-0.00198154,-6.31989e-24
3.1585,0.735447,0.05,0.0113947,-0.00198472,-3.1074e-23
3.1585,0.738486,0.05,0.0114688,-0.0019879,-5.58282e-23
3.1585,0.741526,0.05,0.011543,-0.00199108,-8.05823e-23
3.1585,0.744565,0.05,0.0116171,-0.00199426,-1.05336e-22
3.1585,0.747604,0.05,0.0116912,-0.00199744,-1.30091e-22
3.1585,0.750643,0.05,0.0117654,-0.00200062,-1.54845e-22
3.1585,0.753682,0.05,0.0118395,-0.0020038,-1.79599e-22
3.1585,0.756721,0.05,0.0119159,-0.00200652,-2.44965e-22
3.1585,0.75976,0.05,0.0119899,-0.00200961,-2.0813e-22
3.1585,0.762799,0.05,0.0120637,-0.00201231,-2.1746e-22
3.1585,0.765838,0.05,0.0121377,-0.0020149,-2.42313e-22
3.1585,0.768877,0.05,0.0122117,-0.00201749,-2.67165e-22
3.1585,0.771916,0.05,0.0122857,-0.00202007,-2.92018e-22
3.1585,0.774955,0.05,0.0123596,-0.00202266,-3.16871e-22
3.1585,0.777994,0.05,0.0124336,-0.00202525,-3.41724e-22
3.1585,0.781033,0.05,0.0125076,-0.00202784,-3.66577e-22
3.1585,0.784072,0.05,0.0125816,-0.00203042,-3.91429e-22
3.1585,0.787111,0.05,0.0126581,-0.00203242,-5.28651e-22
3.1585,0.79015,0.05,0.0127311,-0.002035,-7.66026e-22
3.1585,0.793189,0.05,0.0128045,-0.00203703,-7.34594e-22
3.1585,0.796228,0.05,0.012878,-0.00203902,-6.87341e-22
3.1585,0.799267,0.05,0.0129514,-0.00204101,-6.40088e-22
3.1585,0.802306,0.05,0.0130249,-0.002043,-5.92835e-22
3.1585,0.805345,0.05,0.0130983,-0.00204499,-5.45582e-22
3.1585,0.808384,0.05,0.0131718,-0.00204698,-4.98329e-22
3.1585,0.811423,0.05,0.0132452,-0.00204897,-4.51076e-22
3.1585,0.814462,0.05,0.0133187,-0.00205096,-4.03823e-22
3.1585,0.817502,0.05,0.0133944,-0.00205236,-2.57784e-23
3.1585,0.820541,0.05,0.0134669,-0.0020543,3.57554e-22
3.1585,0.82358,0.05,0.0135394,-0.00205578,4.58396e-22
3.1585,0.826619,0.05,0.0136119,-0.00205718,5.07989e-22
3.1585,0.829658,0.05,0.0136844,-0.00205858,5.57582e-22
3.1585,0.832697,0.05,0.013757,-0.00205998,6.07175e-22
3.1585,0.835736,0.05,0.0138295,-0.00206137,6.56768e-22
3.1585,0.838775,0.05,0.013902,-0.00206277,7.06361e-22
3.1585,0.841814,0.05,0.0139746,-0.00206417,7.55954e-22
3.1585,0.844853,0.05,0.0140471,-0.00206556,8.05547e-22
3.1585,0.847892,0.05,0.0141212,-0.0020665,6.30058e-22
3.1585,0.850931,0.05,0.0141934,-0.00206769,4.56139e-22
3.1585,0.85397,0.05,0.0142646,-0.00206876,3.12217e-22
3.1585,0.857009,0.05,0.0143358,-0.00206958,1.64371e-22
3.1585,0.860048,0.05,0.014407,-0.0020704,1.65249e-23
3.1585,0.863087,0.05,0.0144783,-0.00207122,-1.31321e-22
3.1585,0.866126,0.05,0.0145495,-0.00207204,-2.79167e-22
3.1585,0.869165,0.05,0.0146207,-0.00207285,-4.27013e-22
3.1585,0.872204,0.05,0.0146919,-0.00207367,-5.74858e-22
3.1585,0.875243,0.05,0.0147632,-0.00207449,-7.22704e-22
3.1585,0.878282,0.05,0.014835,-0.0020751,-8.86853e-22
3.1585,0.881321,0.05,0.0149071,-0.00207544,-1.08144e-21
3.1585,0.88436,0.05,0.0149767,-0.00207623,-1.27e-21
3.1585,0.887399,0.05,0.0150462,-0.00207649,-1.12088e-21
3.1585,0.890438,0.05,0.0151157,-0.00207675,-9.71766e-22
3.1585,0.893477,0.05,0.0151853,-0.00207701,-8.2265e-22
3.1585,0.896517,0.05,0.0152548,-0.00207727,-6.73535e-22
3.1585,0.899556,0.05,0.0153243,-0.00207754,-5.2442e-22
3.1585,0.902595,0.05,0.0153938,-0.0020778,-3.75305e-22
3.1585,0.905634,0.05,0.0154633,-0.00207806,-2.2619e-22
3.1585,0.908673,0.05,0.0155328,-0.00207832,-7.70744e-23
3.1585,0.911712,0.05,0.0156032,-0.00207817,2.47471e-22
3.1585,0.914751,0.05,0.0156723,-0.00207815,6.30365e-22
3.1585,0.91779,0.05,0.0157399,-0.00207824,9.21841e-22
3.1585,0.920829,0.05,0.0158073,-0.00207798,1.01519e-21
3.1585,0.923868,0.05,0.0158747,-0.00207772,1.10853e-21
3.1585,0.926907,0.05,0.0159421,-0.00207746,1.20188e-21
3.1585,0.929946,0.05,0.0160094,-0.0020772,1.29522e-21
3.1585,0.932985,0.05,0.0160768,-0.00207694,1.38857e-21
3.1585,0.936024,0.05,0.0161442,-0.00207668,1.48192e-21
3.1585,0.939063,0.05,0.0162116,-0.00207642,1.57526e-21
3.1585,0.942102,0.05,0.016279,-0.00207616,1.66861e-21
3.1585,0.945141,0.05,0.0163471,-0.0020754,1.63083e-21
3.1585,0.94818,0.05,0.0164135,-0.00207494,1.65103e-21
3.1585,0.951219,0.05,0.0164786,-0.00207448,1.61437e-21
3.1585,0.954258,0.05,0.0165435,-0.00207375,1.42596e-21
3.1585,0.957297,0.05,0.0166085,-0.00207301,1.23755e-21
3.1585,0.960336,0.05,0.0166734,-0.00207227,1.04915e-21
3.1585,0.963375,0.05,0.0167383,-0.00207153,8.60744e-22
3.1585,0.966414,0.05,0.0168032,-0.00207079,6.72338e-22
3.1585,0.969453,0.05,0.0168681,-0.00207005,4.83933e-22
3.1585,0.972492,0.05,0.016933,-0.00206931,2.95528e-22
3.1585,0.975532,0.05,0.0169979,-0.00206857,1.07122e-22
3.1585,0.978571,0.05,0.0170632,-0.00206737,-2.96724e-22
3.1585,0.98161,0.05,0.0171269,-0.00206641,-6.64933e-22
3.1585,0.984649,0.05,0.0171894,-0.00206555,-8.99648e-22
3.1585,0.987688,0.05,0.0172515,-0.00206438,-8.99631e-22
3.1585,0.990727,0.05,0.0173135,-0.00206321,-8.99614e-22
3.1585,0.993766,0.05,0.0173756,-0.00206205,-8.99597e-22
3.1585,0.996805,0.05,0.0174377,-0.00206088,-8.9958e-22
3.1585,0.999844,0.05,0.0174998,-0.00205971,-8.99563e-22
3.1585,1.00288,0.05,0.0175619,-0.00205855,-8.99546e-22
3.1585,1.00592,0.05,0.017624,-0.00205738,-8.99529e-22
3.1585,1.00896,0.05,0.0176861,-0.00205621,-8.99512e-22
3.1585,1.012,0.05,0.0177482,-0.0020547,-7.32312e-22
3.1585,1.01504,0.05,0.0178094,-0.00205323,-5.3266e-22
3.1585,1.01808,0.05,0.0178691,-0.00205207,-3.97796e-22
3.1585,1.02112,0.05,0.0179281,-0.00205053,-3.05992e-22
3.1585,1.02416,0.05,0.0179871,-0.00204899,-2.14188e-22
3.1585,1.0272,0.05,0.0180461,-0.00204745,-1.22383e-22
3.1585,1.03023,0.05,0.0181051,-0.00204591,-3.05789e-23
3.1585,1.03327,0.05,0.0181641,-0.00204437,6.12255e-23
3.1585,1.03631,0.05,0.0182232,-0.00204283,1.5303e-22
3.1585,1.03935,0.05,0.0182822,-0.00204129,2.44834e-22
3.1585,1.04239,0.05,0.0183412,-0.00203976,3.36639e-22
3.1585,1.04543,0.05,0.0184001,-0.00203806,4.28361e-22
3.1585,1.04847,0.05,0.0184587,-0.00203606,5.19927e-22
3.1585,1.05151,0.05,0.0185153,-0.00203454,7.82923e-22
3.1585,1.05455,0.05,0.0185714,-0.00203284,8.76381e-22
3.1585,1.05759,0.05,0.0186271,-0.00203099,8.3312e-22
3.1585,1.06062,0.05,0.0186828,-0.00202914,7.89859e-22
3.1585,1.06366,0.05,0.0187386,-0.00202729,7.46598e-22
3.1585,1.0667,0.05,0.0187943,-0.00202543,7.03337e-22
3.1585,1.06974,0.05,0.01885,-0.00202358,6.60075e-22
3.1585,1.07278,0.05,0.0189057,-0.00202173,6.16814e-22
3.1585,1.07582,0.05,0.0189615,-0.00201988,5.73553e-22
3.1585,1.07886,0.05,0.0190172,-0.00201803,5.30292e-22
3.1585,1.0819,0.05,0.0190724,-0.00201584,2.28774e-22
3.1585,1.08494,0.05,0.0191267,-0.00201375,-1.29804e-22
3.1585,1.08798,0.05,0.0191799,-0.00201196,-4.86373e-22
3.1585,1.09102,0.05,0.0192323,-0.00200987,-5.04508e-22
3.1585,1.09405,0.05,0.0192846,-0.00200776,-5.08102e-22
3.1585,1.09709,0.05,0.0193369,-0.00200566,-5.11696e-22
3.1585,1.10013,0.05,0.0193893,-0.00200356,-5.1529e-22
3.1585,1.10317,0.05,0.0194416,-0.00200145,-5.18884e-22
3.1585,1.10621,0.05,0.019494,-0.00199935,-5.22478e-22
3.1585,1.10925,0.05,0.0195463,-0.00199725,-5.26072e-22
3.1585,1.11229,0.05,0.0195986,-0.00199514,-5.29666e-22
3.1585,1.11533,0.05,0.0196508,-0.00199299,-4.84596e-22
3.1585,1.11837,0.05,0.0197023,-0.0019905,-1.28997e-22
3.1585,1.12141,0.05,0.0197526,-0.00198833,2.2413e-22
3.1585,1.12444,0.05,0.0198022,-0.00198625,4.94442e-22
3.1585,1.12748,0.05,0.0198512,-0.00198396,4.51036e-22
3.1585,1.13052,0.05,0.0199001,-0.00198166,4.0763e-22
3.1585,1.13356,0.05,0.019949,-0.00197936,3.64224e-22
3.1585,1.1366,0.05,0.0199979,-0.00197706,3.20818e-22
3.1585,1.13964,0.05,0.0200468,-0.00197476,2.77412e-22
3.1585,1.14268,0.05,0.0200958,-0.00197246,2.34006e-22
3.1585,1.14572,0.05,0.0201447,-0.00197016,1.906e-22
3.1585,1.14876,0.05,0.0201936,-0.00196786,1.47194e-22
3.1585,1.1518,0.05,0.0202422,-0.00196546,-1.90517e-23
3.1585,1.15483,0.05,0.0202901,-0.00196282,-4.56531e-22
3.1585,1.15787,0.05,0.0203367,-0.00196055,-7.46597e-22
3.1585,1.16091,0.05,0.0203828,-0.00195827,-9.084e-22
3.1585,1.16395,0.05,0.0204284,-0.00195583,-8.61216e-22
3.1585,1.16699,0.05,0.0204739,-0.00195339,-8.14032e-22
3.1585,1.17003,0.05,0.0205195,-0.00195095,-7.66848e-22
3.1585,1.17307,0.05,0.020565,-0.00194851,-7.19664e-22
3.1585,1.17611,0.05,0.0206106,-0.00194606,-6.7248e-22
3.1585,1.17915,0.05,0.0206561,-0.00194362,-6.25296e-22
3.1585,1.18219,0.05,0.0207017,-0.00194118,-5.78112e-22
3.1585,1.18523,0.05,0.0207472,-0.00193874,-5.30929e-22
3.1585,1.18826,0.05,0.0207924,-0.00193619,-3.93065e-22
3.1585,1.1913,0.05,0.0208368,-0.00193344,-9.05015e-23
3.1585,1.19434,0.05,0.0208801,-0.00193106,-6.502e-24
3.1585,1.19738,0.05,0.020923,-0.00192867,3.5825e-23
3.1585,1.20042,0.05,0.0209653,-0.00192613,8.03515e-23
3.1585,1.20346,0.05,0.0210076,-0.00192359,1.24878e-22
3.1585,1.2065,0.05,0.0210499,-0.00192105,1.69405e-22
3.1585,1.20954,0.05,0.0210922,-0.00191851,2.13931e-22
3.1585,1.21258,0.05,0.0211345,-0.00191598,2.58458e-22
3.1585,1.21562,0.05,0.0211768,-0.00191344,3.02984e-22
3.1585,1.21865,0.05,0.0212191,-0.0019109,3.47511e-22
3.1585,1.22169,0.05,0.0212614,-0.00190836,3.92037e-22
3.1585,1.22473,0.05,0.0213034,-0.00190574,4.26033e-22
3.1585,1.22777,0.05,0.0213445,-0.00190293,4.32524e-22
3.1585,1.23081,0.05,0.0213848,-0.00190042,1.87589e-22
3.1585,1.23385,0.05,0.0214247,-0.00189799,-1.07617e-22
3.1585,1.23689,0.05,0.0214639,-0.00189539,-1.96463e-22
3.1585,1.23993,0.05,0.0215031,-0.00189279,-2.85308e-22
3.1585,1.24297,0.05,0.0215423,-0.00189019,-3.74154e-22
3.1585,1.24601,0.05,0.0215816,-0.00188759,-4.62999e-22
3.1585,1.24905,0.05,0.0216208,-0.00188499,-5.51844e-22
3.1585,1.25208,0.05,0.02166,-0.00188239,-6.4069e-22
3.1585,1.25512,0.05,0.0216993,-0.00187979,-7.29535e-22
3.1585,1.25816,0.05,0.0217385,-0.00187719,-8.18381e-22
3.1585,1.2612,0.05,0.0217776,-0.00187457,-8.77446e-22
3.1585,1.26424,0.05,0.0218157,-0.00187173,-6.30877e-22
3.1585,1.26728,0.05,0.0218532,-0.00186909,-4.68773e-22
3.1585,1.27032,0.05,0.0218903,-0.00186664,-3.84762e-22
3.1585,1.27336,0.05,0.0219267,-0.00186402,-3.43522e-22
3.1585,1.2764,0.05,0.0219631,-0.00186139,-3.05196e-22
3.1585,1.27944,0.05,0.0219995,-0.00185876,-2.6687e-22
3.1585,1.28247,0.05,0.0220358,-0.00185613,-2.28544e-22
3.1585,1.28551,0.05,0.0220722,-0.0018535,-1.90217e-22
3.1585,1.28855,0.05,0.0221086,-0.00185087,-1.51891e-22
3.1585,1.29159,0.05,0.022145,-0.00184824,-1.13565e-22
3.1585,1.29463,0.05,0.0221813,-0.00184561,-7.5239e-23
3.1585,1.29767,0.05,0.0222177,-0.00184298,-3.69128e-23
3.1585,1.30071,0.05,0.0222532,-0.00184017,6.07539e-23
3.1585,1.30375,0.05,0.0222882,-0.0018374,1.93091e-22
3.1585,1.30679,0.05,0.0223226,-0.00183493,3.99278e-22
3.1585,1.30983,0.05,0.0223566,-0.00183235,4.80127e-22
3.1585,1.31286,0.05,0.0223904,-0.00182971,4.81901e-22
3.1585,1.3159,0.05,0.0224241,-0.00182707,4.83675e-22
3.1585,1.31894,0.05,0.0224579,-0.00182443,4.85449e-22
3.1585,1.32198,0.05,0.0224916,-0.00182179,4.87222e-22
3.1585,1.32502,0.05,0.0225254,-0.00181915,4.88996e-22
3.1585,1.32806,0.05,0.0225591,-0.00181651,4.9077e-22
3.1585,1.3311,0.05,0.0225929,-0.00181387,4.92543e-22
3.1585,1.33414,0.05,0.0226266,-0.00181123,4.94317e-22
3.1585,1.33718,0.05,0.0226599,-0.00180851,3.59193e-22
3.1585,1.34022,0.05,0.0226926,-0.00180567,4.42908e-23
3.1585,1.34326,0.05,0.0227246,-0.00180313,-1.26025e-23
3.1585,1.34629,0.05,0.0227565,-0.00180062,-1.47194e-23
3.1585,1.34933,0.05,0.0227878,-0.00179798,-1.30858e-23
3.1585,1.35237,0.05,0.0228192,-0.00179535,-1.14523e-23
3.1585,1.35541,0.05,0.0228506,-0.00179271,-9.81871e-24
3.1585,1.35845,0.05,0.0228819,-0.00179008,-8.18515e-24
3.1585,1.36149,0.05,0.0229133,-0.00178744,-6.5516e-24
3.1585,1.36453,0.05,0.0229447,-0.00178481,-4.91805e-24
3.1585,1.36757,0.05,0.022976,-0.00178218,-3.28449e-24
3.1585,1.37061,0.05,0.0230074,-0.00177954,-1.65094e-24
3.1585,1.37365,0.05,0.0230388,-0.00177691,-1.73863e-26
3.1585,1.37668,0.05,0.0230691,-0.00177409,-7.29189e-23
3.1585,1.37972,0.05,0.0230993,-0.0017714,-9.17617e-23
3.1585,1.38276,0.05,0.023129,-0.00176893,-1.83895e-23
3.1585,1.3858,0.05,0.0231584,-0.00176634,-5.31856e-26
3.1585,1.38884,0.05,0.0231876,-0.00176372,-1.2416e-25
3.1585,1.39188,0.05,0.0232168,-0.0017611,-1.95134e-25
3.1585,1.39492,0.05,0.023246,-0.00175848,-2.66108e-25
3.1585,1.39796,0.05,0.0232752,-0.00175586,-3.37082e-25
3.1585,1.401,0.05,0.0233044,-0.00175324,-4.08056e-25
3.1585,1.40404,0.05,0.0233337,-0.00175062,-4.7903e-25
3.1585,1.40708,0.05,0.0233629,-0.001748,-5.50004e-25
3.1585,1.41011,0.05,0.0233921,-0.00174538,-6.20978e-25
3.1585,1.41315,0.05,0.0234209,-0.00174268,-5.99394e-25
3.1585,1.41619,0.05,0.0234492,-0.00173988,-4.80492e-25
3.1585,1.41923,0.05,0.023477,-0.00173738,-7.94657e-25
3.1585,1.42227,0.05,0.0235046,-0.00173488,8.25327e-24
3.1585,1.42531,0.05,0.0235319,-0.00173228,4.79731e-23
3.1585,1.42835,0.05,0.0235592,-0.00172968,8.76929e-23
3.1585,1.43139,0.05,0.0235865,-0.00172707,1.27413e-22
3.1585,1.43443,0.05,0.0236138,-0.00172447,1.67133e-22
3.1585,1.43747,0.05,0.0236411,-0.00172187,2.06852e-22
3.1585,1.4405,0.05,0.0236684,-0.00171927,2.46572e-22
3.1585,1.44354,0.05,0.0236957,-0.00171667,2.86292e-22
3.1585,1.44658,0.05,0.023723,-0.00171406,3.26012e-22
3.1585,1.44962,0.05,0.0237503,-0.00171146,3.65732e-22
3.1585,1.45266,0.05,0.0237768,-0.00170871,4.37918e-22
3.1585,1.4557,0.05,0.0238031,-0.00170604,4.65972e-22
3.1585,1.45874,0.05,0.0238291,-0.00170359,3.92738e-22
3.1585,1.46178,0.05,0.0238548,-0.00170105,3.17679e-22
3.1585,1.46482,0.05,0.0238803,-0.00169846,2.41777e-22
3.1585,1.46786,0.05,0.0239059,-0.00169588,1.65876e-22
3.1585,1.47089,0.05,0.0239315,-0.0016933,8.9974e-23
3.1585,1.47393,0.05,0.023957,-0.00169071,1.40724e-23
3.1585,1.47697,0.05,0.0239826,-0.00168813,-6.18292e-23
3.1585,1.48001,0.05,0.0240082,-0.00168555,-1.37731e-22
3.1585,1.48305,0.05,0.0240337,-0.00168296,-2.13632e-22
3.1585,1.48609,0.05,0.0240593,-0.00168038,-2.89534e-22
3.1585,1.48913,0.05,0.0240846,-0.00167774,-3.51983e-22
3.1585,1.49217,0.05,0.0241094,-0.001675,-3.90592e-22
3.1585,1.49521,0.05,0.0241339,-0.00167248,-5.85851e-22
3.1585,1.49825,0.05,0.0241583,-0.00167003,-8.14141e-22
3.1585,1.50129,0.05,0.0241823,-0.00166746,-8.52601e-22
3.1585,1.50432,0.05,0.0242063,-0.00166489,-8.9106e-22
3.1585,1.50736,0.05,0.0242303,-0.00166232,-9.2952e-22
3.1585,1.5104,0.05,0.0242543,-0.00165976,-9.67979e-22
3.1585,1.51344,0.05,0.0242783,-0.00165719,-1.00644e-21
3.1585,1.51648,0.05,0.0243024,-0.00165462,-1.0449e-21
3.1585,1.51952,0.05,0.0243264,-0.00165205,-1.08336e-21
3.1585,1.52256,0.05,0.0243504,-0.00164949,-1.12182e-21
3.1585,1.5256,0.05,0.0243744,-0.00164692,-1.16028e-21
3.1585,1.52864,0.05,0.0243979,-0.00164423,-1.03277e-21
3.1585,1.53168,0.05,0.0244212,-0.00164156,-8.63334e-22
3.1585,1.53471,0.05,0.0244442,-0.00163913,-7.50914e-22
3.1585,1.53775,0.05,0.024467,-0.00163663,-6.21259e-22
3.1585,1.54079,0.05,0.0244896,-0.00163407,-4.76059e-22
3.1585,1.54383,0.05,0.0245122,-0.00163152,-3.30858e-22
3.1585,1.54687,0.05,0.0245348,-0.00162896,-1.85657e-22
3.1585,1.54991,0.05,0.0245575,-0.00162641,-4.04563e-23
3.1585,1.55295,0.05,0.0245801,-0.00162385,1.04744e-22
3.1585,1.55599,0.05,0.0246027,-0.0016213,2.49945e-22
3.1585,1.55903,0.05,0.0246253,-0.00161874,3.95146e-22
3.1585,1.56207,0.05,0.0246479,-0.00161619,5.40347e-22
3.1585,1.56511,0.05,0.0246705,-0.00161361,6.89968e-22
3.1585,1.56814,0.05,0.0246925,-0.0016109,8.62545e-22
3.1585,1.57118,0.05,0.0247143,-0.00160835,1.15642e-21
3.1585,1.57422,0.05,0.024736,-0.00160593,1.54901e-21
3.1585,1.57726,0.05,0.0247574,-0.00160339,1.53828e-21
3.1585,1.5803,0.05,0.0247788,-0.00160084,1.50449e-21
3.1585,1.58334,0.05,0.0248001,-0.00159829,1.47071e-21
3.1585,1.58638,0.05,0.0248215,-0.00159574,1.43693e-21
3.1585,1.58942,0.05,0.0248428,-0.00159319,1.40314e-21
3.1585,1.59246,0.05,0.0248642,-0.00159065,1.36936e-21
3.1585,1.5955,0.05,0.0248856,-0.0015881,1.33558e-21
3.1585,1.59853,0.05,0.0249069,-0.00158555,1.3018e-21
3.1585,1.60157,0.05,0.0249283,-0.001583,1.26801e-21
3.1585,1.60461,0.05,0.0249493,-0.00158037,9.71855e-22
3.1585,1.60765,0.05,0.0249702,-0.00157768,4.77087e-22
3.1585,1.61069,0.05,0.0249907,-0.00157524,1.18667e-22
3.1585,1.61373,0.05,0.0250111,-0.00157277,-1.27668e-22
3.1585,1.61677,0.05,0.0250313,-0.00157023,-2.00157e-22
3.1585,1.61981,0.05,0.0250516,-0.00156768,-2.72646e-22
3.1585,1.62285,0.05,0.0250718,-0.00156514,-3.45135e-22
3.1585,1.62589,0.05,0.025092,-0.00156259,-4.17624e-22
3.1585,1.62892,0.05,0.0251122,-0.00156005,-4.90114e-22
3.1585,1.63196,0.05,0.0251324,-0.0015575,-5.62603e-22
3.1585,1.635,0.05,0.0251526,-0.00155496,-6.35092e-22
3.1585,1.63804,0.05,0.0251728,-0.00155241,-7.07581e-22
3.1585,1.64108,0.05,0.025193,-0.00154987,-7.80038e-22
3.1585,1.64412,0.05,0.0252128,-0.00154717,-6.0119e-22
3.1585,1.64716,0.05,0.0252324,-0.00154459,-4.52268e-22
3.1585,1.6502,0.05,0.0252518,-0.00154216,-3.44354e-22
3.1585,1.65324,0.05,0.025271,-0.00153963,-3.26942e-22
3.1585,1.65628,0.05,0.0252902,-0.00153708,-3.25134e-22
3.1585,1.65932,0.05,0.0253093,-0.00153453,-3.23326e-22
3.1585,1.66235,0.05,0.0253285,-0.00153198,-3.21517e-22
3.1585,1.66539,0.05,0.0253476,-0.00152944,-3.19709e-22
3.1585,1.66843,0.05,0.0253668,-0.00152689,-3.17901e-22
3.1585,1.67147,0.05,0.0253859,-0.00152434,-3.16093e-22
3.1585,1.67451,0.05,0.0254051,-0.00152179,-3.14284e-22
3.1585,1.67755,0.05,0.0254242,-0.00151924,-3.12476e-22
3.1585,1.68059,0.05,0.0254432,-0.00151663,-3.45654e-22
3.1585,1.68363,0.05,0.0254619,-0.00151394,-4.18596e-22
3.1585,1.68667,0.05,0.0254803,-0.00151147,-6.15294e-22
3.1585,1.68971,0.05,0.0254987,-0.00150899,-7.3524e-22
3.1585,1.69274,0.05,0.0255169,-0.00150643,-7.01848e-22
3.1585,1.69578,0.05,0.025535,-0.00150387,-6.68456e-22
3.1585,1.69882,0.05,0.0255532,-0.00150131,-6.35064e-22
3.1585,1.70186,0.05,0.0255713,-0.00149876,-6.01672e-22
3.1585,1.7049,0.05,0.0255895,-0.0014962,-5.6828e-22
3.1585,1.70794,0.05,0.0256077,-0.00149364,-5.34888e-22
3.1585,1.71098,0.05,0.0256258,-0.00149109,-5.01496e-22
3.1585,1.71402,0.05,0.025644,-0.00148853,-4.68104e-22
3.1585,1.71706,0.05,0.0256622,-0.00148597,-4.34712e-22
3.1585,1.7201,0.05,0.0256799,-0.00148327,-1.61345e-22
3.1585,1.72314,0.05,0.0256976,-0.00148068,1.16011e-22
3.1585,1.72617,0.05,0.0257151,-0.00147822,3.94191e-22
3.1585,1.72921,0.05,0.0257323,-0.00147566,4.44818e-22
3.1585,1.73225,0.05,0.0257496,-0.00147309,4.80386e-22
3.1585,1.73529,0.05,0.0257668,-0.00147052,5.15954e-22
3.1585,1.73833,0.05,0.025784,-0.00146795,5.51522e-22
3.1585,1.74137,0.05,0.0258013,-0.00146538,5.8709e-22
3.1585,1.74441,0.05,0.0258185,-0.00146281,6.22658e-22
3.1585,1.74745,0.05,0.0258357,-0.00146024,6.58226e-22
3.1585,1.75049,0.05,0.025853,-0.00145767,6.93794e-22
3.1585,1.75353,0.05,0.0258702,-0.0014551,7.29362e-22
3.1585,1.75656,0.05,0.0258872,-0.00145245,6.08444e-22
3.1585,1.7596,0.05,0.025904,-0.00144975,3.82374e-22
3.1585,1.76264,0.05,0.0259207,-0.00144727,3.4672e-22
3.1585,1.76568,0.05,0.0259371,-0.00144473,2.91861e-22
3.1585,1.76872,0.05,0.0259535,-0.00144214,2.23082e-22
3.1585,1.77176,0.05,0.0259698,-0.00143956,1.54303e-22
3.1585,1.7748,0.05,0.0259862,-0.00143697,8.55248e-23
3.1585,1.77784,0.05,0.0260025,-0.00143438,1.67461e-23
3.1585,1.78088,0.05,0.0260189,-0.00143179,-5.20325e-23
3.1585,1.78392,0.05,0.0260352,-0.00142921,-1.20811e-22
3.1585,1.78695,0.05,0.0260515,-0.00142662,-1.8959e-22
3.1585,1.78999,0.05,0.0260679,-0.00142403,-2.58368e-22
3.1585,1.79303,0.05,0.0260841,-0.00142141,-3.34849e-22
3.1585,1.79607,0.05,0.0261001,-0.00141868,-4.37478e-22
3.1585,1.79911,0.05,0.0261159,-0.00141613,-5.94576e-22
3.1585,1.80215,0.05,0.0261316,-0.00141359,-7.05731e-22
3.1585,1.80519,0.05,0.0261471,-0.00141098,-6.72259e-22
3.1585,1.80823,0.05,0.0261626,-0.00140837,-6.38788e-22
3.1585,1.81127,0.05,0.0261781,-0.00140577,-6.05317e-22
3.1585,1.81431,0.05,0.0261936,-0.00140316,-5.71846e-22
3.1585,1.81735,0.05,0.0262091,-0.00140055,-5.38375e-22
3.1585,1.82038,0.05,0.0262246,-0.00139794,-5.04904e-22
3.1585,1.82342,0.05,0.02624,-0.00139533,-4.71433e-22
3.1585,1.82646,0.05,0.0262555,-0.00139272,-4.37961e-22
3.1585,1.8295,0.05,0.026271,-0.00139011,-4.0449e-22
3.1585,1.83254,0.05,0.0262861,-0.00138737,-1.04124e-22
3.1585,1.83558,0.05,0.0263012,-0.00138474,1.69835e-22
3.1585,1.83862,0.05,0.0263161,-0.0013822,3.89554e-22
3.1585,1.84166,0.05,0.0263308,-0.00137956,4.24862e-22
3.1585,1.8447,0.05,0.0263454,-0.00137693,4.60171e-22
3.1585,1.84774,0.05,0.0263601,-0.0013743,4.95479e-22
3.1585,1.85077,0.05,0.0263747,-0.00137167,5.30788e-22
3.1585,1.85381,0.05,0.0263894,-0.00136903,5.66096e-22
3.1585,1.85685,0.05,0.026404,-0.0013664,6.01405e-22
3.1585,1.85989,0.05,0.0264187,-0.00136377,6.36714e-22
3.1585,1.86293,0.05,0.0264333,-0.00136113,6.72022e-22
3.1585,1.86597,0.05,0.026448,-0.0013585,7.07331e-22
3.1585,1.86901,0.05,0.0264623,-0.00135576,5.68037e-22
3.1585,1.87205,0.05,0.0264765,-0.00135308,4.23577e-22
3.1585,1.87509,0.05,0.0264907,-0.00135051,3.25391e-22
3.1585,1.87813,0.05,0.0265045,-0.00134785,3.06343e-22
3.1585,1.88117,0.05,0.0265183,-0.00134519,2.87295e-22
3.1585,1.8842,0.05,0.0265322,-0.00134253,2.68247e-22
3.1585,1.88724,0.05,0.026546,-0.00133988,2.49199e-22
3.1585,1.89028,0.05,0.0265598,-0.00133722,2.30152e-22
3.1585,1.89332,0.05,0.0265737,-0.00133456,2.11104e-22
3.1585,1.89636,0.05,0.0265875,-0.0013319,1.92056e-22
3.1585,1.8994,0.05,0.0266013,-0.00132924,1.73008e-22
3.1585,1.90244,0.05,0.0266152,-0.00132658,1.5396e-22
3.1585,1.90548,0.05,0.0266287,-0.00132381,1.89508e-22
3.1585,1.90852,0.05,0.0266421,-0.00132111,3.17004e-22
3.1585,1.91156,0.05,0.0266555,-0.00131851,5.23814e-22
3.1585,1.91459,0.05,0.0266685,-0.00131582,5.26873e-22
3.1585,1.91763,0.05,0.0266815,-0.00131314,5.29933e-22
3.1585,1.92067,0.05,0.0266945,-0.00131045,5.32992e-22
3.1585,1.92371,0.05,0.0267075,-0.00130776,5.36052e-22
3.1585,1.92675,0.05,0.0267206,-0.00130507,5.39111e-22
3.1585,1.92979,0.05,0.0267336,-0.00130239,5.42171e-22
3.1585,1.93283,0.05,0.0267466,-0.0012997,5.4523e-22
3.1585,1.93587,0.05,0.0267596,-0.00129701,5.4829e-22
3.1585,1.93891,0.05,0.0267727,-0.00129432,5.51349e-22
3.1585,1.94195,0.05,0.0267854,-0.00129152,3.22512e-22
3.1585,1.94498,0.05,0.026798,-0.00128881,4.11895e-23
3.1585,1.94802,0.05,0.0268104,-0.00128616,-1.75482e-22
3.1585,1.95106,0.05,0.0268226,-0.00128344,-1.76225e-22
3.1585,1.9541,0.05,0.0268348,-0.00128073,-1.76968e-22
3.1585,1.95714,0.05,0.026847,-0.00127801,-1.77712e-22
3.1585,1.96018,0.05,0.0268593,-0.00127529,-1.78455e-22
3.1585,1.96322,0.05,0.0268715,-0.00127258,-1.79198e-22
3.1585,1.96626,0.05,0.0268837,-0.00126986,-1.79941e-22
3.1585,1.9693,0.05,0.0268959,-0.00126714,-1.80684e-22
3.1585,1.97234,0.05,0.0269081,-0.00126442,-1.81428e-22
3.1585,1.97538,0.05,0.0269203,-0.00126169,-1.52572e-22
3.1585,1.97841,0.05,0.0269321,-0.00125885,1.28429e-22
3.1585,1.98145,0.05,0.0269439,-0.00125616,2.91862e-22
3.1585,1.98449,0.05,0.0269554,-0.00125345,3.38371e-22
3.1585,1.98753,0.05,0.0269668,-0.0012507,3.18785e-22
3.1585,1.99057,0.05,0.0269782,-0.00124795,2.99198e-22
3.1585,1.99361,0.05,0.0269896,-0.00124521,2.79612e-22
3.1585,1.99665,0.05,0.027001,-0.00124246,2.60025e-22
3.1585,1.99969,0.05,0.0270124,-0.00123971,2.40439e-22
3.1585,2.00273,0.05,0.0270238,-0.00123696,2.20852e-22
3.1585,2.00577,0.05,0.0270352,-0.00123422,2.01266e-22
3.1585,2.0088,0.05,0.0270466,-0.00123147,1.81679e-22
3.1585,2.01184,0.05,0.0270578,-0.00122866,1.03285e-22
3.1585,2.01488,0.05,0.0270688,-0.00122583,-4.10923e-23
3.1585,2.01792,0.05,0.0270797,-0.00122313,-1.84488e-22
3.1585,2.02096,0.05,0.0270903,-0.00122035,-2.21483e-22
3.1585,2.024,0.05,0.0271009,-0.00121758,-2.58478e-22
3.1585,2.02704,0.05,0.0271115,-0.0012148,-2.95473e-22
3.1585,2.03008,0.05,0.0271221,-0.00121202,-3.32467e-22
3.1585,2.03312,0.05,0.0271326,-0.00120924,-3.69462e-22
3.1585,2.03616,0.05,0.0271432,-0.00120646,-4.06457e-22
3.1585,2.0392,0.05,0.0271538,-0.00120368,-4.43452e-22
3.1585,2.04223,0.05,0.0271644,-0.00120091,-4.80446e-22
3.1585,2.04527,0.05,0.027175,-0.00119813,-5.16699e-22
3.1585,2.04831,0.05,0.0271852,-0.00119522,-4.23197e-22
3.1585,2.05135,0.05,0.0271953,-0.00119247,-3.60364e-22
3.1585,2.05439,0.05,0.0272052,-0.00118969,-3.28311e-22
3.1585,2.05743,0.05,0.0272149,-0.00118688,-3.08161e-22
3.1585,2.06047,0.05,0.0272247,-0.00118407,-2.88011e-22
3.1585,2.06351,0.05,0.0272344,-0.00118126,-2.67861e-22
3.1585,2.06655,0.05,0.0272442,-0.00117845,-2.47711e-22
3.1585,2.06959,0.05,0.0272539,-0.00117564,-2.27561e-22
3.1585,2.07262,0.05,0.0272637,-0.00117283,-2.07412e-22
3.1585,2.07566,0.05,0.0272734,-0.00117002,-1.87262e-22
3.1585,2.0787,0.05,0.0272832,-0.00116721,-1.67112e-22
3.1585,2.08174,0.05,0.0272927,-0.00116432,-1.85809e-22
3.1585,2.08478,0.05,0.027302,-0.00116148,-2.62741e-22
3.1585,2.08782,0.05,0.0273111,-0.00115869,-2.95397e-22
3.1585,2.09086,0.05,0.0273201,-0.00115585,-2.3953e-22
3.1585,2.0939,0.05,0.027329,-0.00115301,-1.83663e-22
3.1585,2.09694,0.05,0.0273379,-0.00115017,-1.27795e-22
3.1585,2.09998,0.05,0.0273468,-0.00114733,-7.19283e-23
3.1585,2.10302,0.05,0.0273557,-0.00114449,-1.60612e-23
3.1585,2.10605,0.05,0.0273646,-0.00114165,3.98059e-23
3.1585,2.10909,0.05,0.0273736,-0.00113881,9.56731e-23
3.1585,2.11213,0.05,0.0273825,-0.00113597,1.5154e-22
3.1585,2.11517,0.05,0.0273912,-0.00113306,2.90322e-22
3.1585,2.11821,0.05,0.0273997,-0.00113018,5.1599e-22
3.1585,2.12125,0.05,0.0274079,-0.00112736,6.51508e-22
3.1585,2.12429,0.05,0.027416,-0.00112448,6.31455e-22
3.1585,2.12733,0.05,0.0274241,-0.00112161,6.11402e-22
3.1585,2.13037,0.05,0.0274321,-0.00111874,5.9135e-22
3.1585,2.13341,0.05,0.0274402,-0.00111587,5.71297e-22
3.1585,2.13644,0.05,0.0274483,-0.001113,5.51244e-22
3.1585,2.13948,0.05,0.0274563,-0.00111013,5.31192e-22
3.1585,2.14252,0.05,0.0274644,-0.00110726,5.11139e-22
3.1585,2.14556,0.05,0.0274725,-0.00110439,4.91087e-22
3.1585,2.1486,0.05,0.0274803,-0.00110145,3.25261e-22
3.1585,2.15164,0.05,0.0274879,-0.00109856,9.59097e-23
3.1585,2.15468,0.05,0.0274953,-0.00109569,-2.83056e-23
3.1585,2.15772,0.05,0.0275025,-0.00109279,-8.81546e-23
3.1585,2.16076,0.05,0.0275097,-0.00108989,-1.48004e-22
3.1585,2.1638,0.05,0.0275168,-0.00108699,-2.07853e-22
3.1585,2.16683,0.05,0.027524,-0.00108409,-2.67701e-22
3.1585,2.16987,0.05,0.0275312,-0.00108119,-3.2755e-22
3.1585,2.17291,0.05,0.0275384,-0.00107829,-3.87399e-22
3.1585,2.17595,0.05,0.0275456,-0.00107539,-4.47248e-22
3.1585,2.17899,0.05,0.0275528,-0.00107249,-5.07097e-22
3.1585,2.18203,0.05,0.0275596,-0.00106949,-4.33953e-22
3.1585,2.18507,0.05,0.0275664,-0.00106662,-3.63384e-22
3.1585,2.18811,0.05,0.0275727,-0.00106369,-3.38471e-22
3.1585,2.19115,0.05,0.027579,-0.00106076,-3.17635e-22
3.1585,2.19419,0.05,0.0275853,-0.00105784,-2.96798e-22
3.1585,2.19723,0.05,0.0275916,-0.00105491,-2.75962e-22
3.1585,2.20026,0.05,0.0275979,-0.00105198,-2.55125e-22
3.1585,2.2033,0.05,0.0276042,-0.00104905,-2.34289e-22
3.1585,2.20634,0.05,0.0276105,-0.00104612,-2.13452e-22
3.1585,2.20938,0.05,0.0276168,-0.00104319,-1.92616e-22
3.1585,2.21242,0.05,0.027623,-0.00104023,-1.91715e-22
3.1585,2.21546,0.05,0.0276288,-0.00103724,-2.06008e-22
3.1585,2.2185,0.05,0.0276345,-0.00103432,-1.63011e-22
3.1585,2.22154,0.05,0.0276398,-0.00103137,-1.18678e-22
3.1585,2.22458,0.05,0.0276452,-0.00102841,-7.43458e-23
3.1585,2.22762,0.05,0.0276506,-0.00102545,-3.00132e-23
3.1585,2.23065,0.05,0.027656,-0.00102249,1.43194e-23
3.1585,2.23369,0.05,0.0276614,-0.00101954,5.8652e-23
3.1585,2.23673,0.05,0.0276668,-0.00101658,1.02985e-22
3.1585,2.23977,0.05,0.0276722,-0.00101362,1.47317e-22
3.1585,2.24281,0.05,0.0276776,-0.00101067,1.9165e-22
3.1585,2.24585,0.05,0.0276826,-0.00100761,2.29554e-22
3.1585,2.24889,0.05,0.0276874,-0.00100468,1.95257e-22
3.1585,2.25193,0.05,0.0276918,-0.0010017,1.72811e-22
3.1585,2.25497,0.05,0.0276963,-0.00099871,1.50366e-22
3.1585,2.25801,0.05,0.0277007,-0.000995725,1.27921e-22
3.1585,2.26105,0.05,0.0277051,-0.000992739,1.05476e-22
3.1585,2.26408,0.05,0.0277096,-0.000989753,8.30304e-23
3.1585,2.26712,0.05,0.027714,-0.000986768,6.05851e-23
3.1585,2.27016,0.05,0.0277185,-0.000983782,3.81399e-23
3.1585,2.2732,0.05,0.0277229,-0.000980797,1.56946e-23
3.1585,2.27624,0.05,0.027727,-0.000977726,-8.69054e-24
3.1585,2.27928,0.05,0.0277309,-0.000974763,7.81057e-24
3.1585,2.28232,0.05,0.0277343,-0.00097175,-1.5393e-23
3.1585,2.28536,0.05,0.0277378,-0.000968737,-3.85965e-23
3.1585,2.2884,0.05,0.0277413,-0.000965724,-6.18e-23
3.1585,2.29144,0.05,0.0277447,-0.000962711,-8.50035e-23
3.1585,2.29447,0.05,0.0277482,-0.000959697,-1.08207e-22
3.1585,2.29751,0.05,0.0277516,-0.000956684,-1.31411e-22
3.1585,2.30055,0.05,0.0277551,-0.000953671,-1.54614e-22
3.1585,2.30359,0.05,0.0277586,-0.000950658,-1.77818e-22
3.1585,2.30663,0.05,0.0277616,-0.000947563,-2.17495e-22
3.1585,2.30967,0.05,0.0277644,-0.000944569,-1.86058e-22
3.1585,2.31271,0.05,0.0277668,-0.000941529,-1.87088e-22
3.1585,2.31575,0.05,0.0277693,-0.000938489,-1.88117e-22
3.1585,2.31879,0.05,0.0277717,-0.000935448,-1.89146e-22
3.1585,2.32183,0.05,0.0277741,-0.000932408,-1.90175e-22
3.1585,2.32486,0.05,0.0277766,-0.000929368,-1.91204e-22
3.1585,2.3279,0.05,0.027779,-0.000926328,-1.92233e-22
3.1585,2.33094,0.05,0.0277815,-0.000923287,-1.93262e-22
3.1585,2.33398,0.05,0.0277838,-0.000920234,-1.94511e-22
3.1585,2.33702,0.05,0.0277857,-0.000917143,-1.95417e-22
3.1585,2.34006,0.05,0.0277873,-0.000914097,-1.92882e-22
3.1585,2.3431,0.05,0.0277887,-0.000911029,-1.90171e-22
3.1585,2.34614,0.05,0.02779,-0.000907962,-1.87461e-22
3.1585,2.34918,0.05,0.0277914,-0.000904894,-1.8475e-22
3.1585,2.35222,0.05,0.0277928,-0.000901827,-1.8204e-22
3.1585,2.35526,0.05,0.0277941,-0.000898759,-1.79329e-22
3.1585,2.35829,0.05,0.0277955,-0.000895691,-1.76619e-22
3.1585,2.36133,0.05,0.0277969,-0.000892624,-1.73909e-22
3.1585,2.36437,0.05,0.0277979,-0.000889493,-2.01121e-22
3.1585,2.36741,0.05,0.0277985,-0.000886434,-2.85275e-22
3.1585,2.37045,0.05,0.0277988,-0.000883338,-2.09201e-22
3.1585,2.37349,0.05,0.027799,-0.000880243,-1.33128e-22
3.1585,2.37653,0.05,0.0277992,-0.000877148,-5.70551e-23
3.1585,2.37957,0.05,0.0277995,-0.000874053,1.90181e-23
3.1585,2.38261,0.05,0.0277997,-0.000870957,9.50913e-23
3.1585,2.38565,0.05,0.0277999,-0.000867862,1.71164e-22
3.1585,2.38868,0.05,0.0278001,-0.000864767,2.47238e-22
3.1585,2.39172,0.05,0.0278002,-0.000861637,3.81685e-22
3.1585,2.39476,0.05,0.0277998,-0.00085853,5.54013e-22
3.1585,2.3978,0.05,0.0277988,-0.000855406,5.2358e-22
3.1585,2.40084,0.05,0.0277978,-0.000852282,4.93147e-22
3.1585,2.40388,0.05,0.0277968,-0.000849159,4.62714e-22
3.1585,2.40692,0.05,0.0277959,-0.000846035,4.3228e-22
3.1585,2.40996,0.05,0.0277949,-0.000842911,4.01847e-22
3.1585,2.413,0.05,0.0277939,-0.000839787,3.71414e-22
3.1585,2.41604,0.05,0.0277929,-0.000836663,3.40981e-22
3.1585,2.41908,0.05,0.0277918,-0.000833511,2.67184e-22
3.1585,2.42211,0.05,0.0277901,-0.000830371,1.90397e-22
3.1585,2.42515,0.05,0.0277878,-0.000827218,1.3388e-22
3.1585,2.42819,0.05,0.0277856,-0.000824064,7.73618e-23
3.1585,2.43123,0.05,0.0277833,-0.000820911,2.08441e-23
3.1585,2.43427,0.05,0.027781,-0.000817757,-3.56737e-23
3.1585,2.43731,0.05,0.0277788,-0.000814603,-9.21915e-23
3.1585,2.44035,0.05,0.0277765,-0.00081145,-1.48709e-22
3.1585,2.44339,0.05,0.0277742,-0.000808296,-2.05227e-22
3.1585,2.44643,0.05,0.0277717,-0.000805099,-2.38135e-22
3.1585,2.44947,0.05,0.0277685,-0.000801939,-9.26746e-23
3.1585,2.4525,0.05,0.0277648,-0.000798754,-3.22291e-23
3.1585,2.45554,0.05,0.0277611,-0.000795568,2.82165e-23
3.1585,2.45858,0.05,0.0277575,-0.000792383,8.8662e-23
3.1585,2.46162,0.05,0.0277538,-0.000789198,1.49108e-22
3.1585,2.46466,0.05,0.0277501,-0.000786012,2.09553e-22
3.1585,2.4677,0.05,0.0277465,-0.000782827,2.69999e-22
3.1585,2.47074,0.05,0.0277428,-0.000779642,3.30444e-22
3.1585,2.47378,0.05,0.0277385,-0.000776414,2.30355e-22
3.1585,2.47682,0.05,0.0277334,-0.000773206,1.83415e-22
3.1585,2.47986,0.05,0.0277282,-0.000769986,1.38505e-22
3.1585,2.48289,0.05,0.027723,-0.000766766,9.35952e-23
3.1585,2.48593,0.05,0.0277178,-0.000763546,4.86851e-23
3.1585,2.48897,0.05,0.0277126,-0.000760327,3.77495e-24
3.1585,2.49201,0.05,0.0277074,-0.000757107,-4.11352e-23
3.1585,2.49505,0.05,0.0277022,-0.000753887,-8.60453e-23
3.1585,2.49809,0.05,0.0276967,-0.000750621,-1.47311e-22
3.1585,2.50113,0.05,0.0276901,-0.000747392,-2.50086e-22
3.1585,2.50417,0.05,0.0276833,-0.000744134,-2.81457e-22
3.1585,2.50721,0.05,0.0276764,-0.000740876,-3.12828e-22
3.1585,2.51025,0.05,0.0276695,-0.000737618,-3.44198e-22
3.1585,2.51329,0.05,0.0276626,-0.00073436,-3.75569e-22
3.1585,2.51632,0.05,0.0276558,-0.000731103,-4.0694e-22
3.1585,2.51936,0.05,0.0276489,-0.000727845,-4.38311e-22
3.1585,2.5224,0.05,0.0276417,-0.000724554,-3.84449e-22
3.1585,2.52544,0.05,0.0276335,-0.000721276,-3.07868e-22
3.1585,2.52848,0.05,0.0276248,-0.000717975,-2.39541e-22
3.1585,2.53152,0.05,0.027616,-0.000714675,-1.71214e-22
3.1585,2.53456,0.05,0.0276073,-0.000711374,-1.02887e-22
3.1585,2.5376,0.05,0.0275986,-0.000708073,-3.45602e-23
3.1585,2.54064,0.05,0.0275898,-0.000704773,3.37667e-23
3.1585,2.54368,0.05,0.0275811,-0.000701472,1.02094e-22
3.1585,2.54671,0.05,0.027572,-0.000698133,1.6001e-22
3.1585,2.54975,0.05,0.0275616,-0.000694809,1.48788e-22
3.1585,2.55279,0.05,0.0275508,-0.00069146,1.66805e-22
3.1585,2.55583,0.05,0.02754,-0.00068811,1.84822e-22
3.1585,2.55887,0.05,0.0275292,-0.000684761,2.02839e-22
3.1585,2.56191,0.05,0.0275184,-0.000681412,2.20856e-22
3.1585,2.56495,0.05,0.0275076,-0.000678063,2.38873e-22
3.1585,2.56799,0.05,0.0274968,-0.000674714,2.5689e-22
3.1585,2.57103,0.05,0.0274852,-0.000671331,3.18327e-22
3.1585,2.57407,0.05,0.0274721,-0.000667928,2.63424e-22
3.1585,2.57711,0.05,0.027459,-0.000664523,2.03919e-22
3.1585,2.58014,0.05,0.0274459,-0.000661118,1.44414e-22
3.1585,2.58318,0.05,0.0274328,-0.000657713,8.49094e-23
3.1585,2.58622,0.05,0.0274197,-0.000654307,2.54044e-23
3.1585,2.58926,0.05,0.0274066,-0.000650902,-3.41006e-23
3.1585,2.5923,0.05,0.0273932,-0.000647469,-1.34724e-22
3.1585,2.59534,0.05,0.027378,-0.000644022,-2.40231e-22
3.1585,2.59838,0.05,0.0273622,-0.000640552,-2.17273e-22
3.1585,2.60142,0.05,0.0273465,-0.000637082,-1.94316e-22
3.1585,2.60446,0.05,0.0273308,-0.000633612,-1.71359e-22
3.1585,2.6075,0.05,0.0273151,-0.000630142,-1.48402e-22
3.1585,2.61053,0.05,0.0272994,-0.000626672,-1.25445e-22
3.1585,2.61357,0.05,0.0272836,-0.000623195,-8.05366e-23
3.1585,2.61661,0.05,0.0272659,-0.000619669,6.59862e-23
3.1585,2.61965,0.05,0.0272472,-0.000616123,6.02689e-23
3.1585,2.62269,0.05,0.0272285,-0.000612577,5.45516e-23
3.1585,2.62573,0.05,0.0272099,-0.000609031,4.88343e-23
3.1585,2.62877,0.05,0.0271912,-0.000605485,4.3117e-23
3.1585,2.63181,0.05,0.0271725,-0.000601939,3.73997e-23
3.1585,2.63485,0.05,0.0271538,-0.000598388,2.18682e-23
3.1585,2.63789,0.05,0.0271328,-0.000594777,-9.99234e-23
3.1585,2.64092,0.05,0.0271108,-0.000591142,-1.47809e-22
3.1585,2.64396,0.05,0.0270887,-0.000587508,-1.95694e-22
3.1585,2.647,0.05,0.0270667,-0.000583874,-2.43579e-22
3.1585,2.65004,0.05,0.0270447,-0.000580239,-2.91464e-22
3.1585,2.65308,0.05,0.0270227,-0.000576605,-3.3935e-22
3.1585,2.65612,0.05,0.0270003,-0.000572945,-3.3861e-22
3.1585,2.65916,0.05,0.026975,-0.000569232,-2.08191e-22
3.1585,2.6622,0.05,0.0269492,-0.000565494,-1.29399e-22
3.1585,2.66524,0.05,0.0269234,-0.000561757,-5.06069e-23
3.1585,2.66828,0.05,0.0268975,-0.00055802,2.8185e-23
3.1585,2.67132,0.05,0.0268717,-0.000554282,1.06977e-22
3.1585,2.67435,0.05,0.0268459,-0.000550545,1.85769e-22
3.1585,2.67739,0.05,0.0268183,-0.000546754,1.5598e-22
3.1585,2.68043,0.05,0.0267882,-0.000542897,1.59704e-22
3.1585,2.68347,0.05,0.026758,-0.000539041,1.63427e-22
3.1585,2.68651,0.05,0.0267278,-0.000535184,1.67151e-22
3.1585,2.68955,0.05,0.0266977,-0.000531327,1.70874e-22
3.1585,2.69259,0.05,0.0266675,-0.00052747,1.74598e-22
3.1585,2.69563,0.05,0.0266367,-0.000523585,1.79222e-22
3.1585,2.69867,0.05,0.026602,-0.000519607,1.28425e-22
3.1585,2.70171,0.05,0.0265669,-0.000515613,6.68306e-23
3.1585,2.70474,0.05,0.0265318,-0.00051162,5.23613e-24
3.1585,2.70778,0.05,0.0264967,-0.000507626,-5.63583e-23
3.1585,2.71082,0.05,0.0264616,-0.000503632,-1.17953e-22
3.1585,2.71386,0.05,0.0264262,-0.000499621,-1.82276e-22
3.1585,2.7169,0.05,0.0263862,-0.000495496,-1.7794e-22
3.1585,2.71994,0.05,0.0263455,-0.000491348,-1.09112e-22
3.1585,2.72298,0.05,0.0263049,-0.000487199,-4.02845e-23
3.1585,2.72602,0.05,0.0262642,-0.000483051,2.8543e-23
3.1585,2.72906,0.05,0.0262235,-0.000478902,9.73706e-23
3.1585,2.7321,0.05,0.0261823,-0.00047473,2.30944e-22
3.1585,2.73514,0.05,0.0261358,-0.000470427,3.00467e-22
3.1585,2.73817,0.05,0.0260889,-0.000466106,2.79756e-22
3.1585,2.74121,0.05,0.0260419,-0.000461785,2.59046e-22
3.1585,2.74425,0.05,0.0259949,-0.000457464,2.38336e-22
3.1585,2.74729,0.05,0.0259479,-0.000453143,2.17626e-22
3.1585,2.75033,0.05,0.025899,-0.000448764,-1.97959e-23
3.1585,2.75337,0.05,0.025845,-0.000444255,-9.48792e-23
3.1585,2.75641,0.05,0.0257909,-0.000439746,-1.69962e-22
3.1585,2.75945,0.05,0.0257369,-0.000435237,-2.45046e-22
3.1585,2.76249,0.05,0.0256829,-0.000430728,-3.20129e-22
3.1585,2.76553,0.05,0.0256289,-0.000426219,-3.95212e-22
3.1585,2.76856,0.05,0.0255689,-0.000421554,-2.34222e-22
3.1585,2.7716,0.05,0.0255071,-0.000416846,-1.76778e-22
3.1585,2.77464,0.05,0.0254453,-0.000412138,-1.19334e-22
3.1585,2.77768,0.05,0.0253834,-0.000407429,-6.18901e-23
3.1585,2.78072,0.05,0.0253216,-0.000402721,-4.44618e-24
3.1585,2.78376,0.05,0.0252561,-0.000397919,8.85997e-24
3.1585,2.7868,0.05,0.0251856,-0.000393006,5.6309e-23
3.1585,2.78984,0.05,0.0251152,-0.000388092,1.03758e-22
3.1585,2.79288,0.05,0.0250448,-0.000383178,1.51207e-22
3.1585,2.79592,0.05,0.0249743,-0.000378264,1.98656e-22
3.1585,2.79895,0.05,0.0249013,-0.000373286,2.75989e-22
3.1585,2.80199,0.05,0.0248215,-0.000368169,2.77977e-22
3.1585,2.80503,0.05,0.0247418,-0.000363051,2.79966e-22
3.1585,2.80807,0.05,0.024662,-0.000357933,2.81954e-22
3.1585,2.81111,0.05,0.0245823,-0.000352815,2.83942e-22
3.1585,2.81415,0.05,0.0244993,-0.000347627,2.21882e-22
3.1585,2.81719,0.05,0.0244095,-0.000342315,1.45115e-22
3.1585,2.82023,0.05,0.0243198,-0.000337003,6.83474e-23
3.1585,2.82327,0.05,0.0242301,-0.000331691,-8.41999e-24
3.1585,2.82631,0.05,0.0241403,-0.000326379,-8.51874e-23
3.1585,2.82935,0.05,0.0240448,-0.000320963,-1.36142e-22
3.1585,2.83238,0.05,0.0239444,-0.000315475,-1.39512e-22
3.1585,2.83542,0.05,0.0238441,-0.000309988,-1.42883e-22
3.1585,2.83846,0.05,0.0237438,-0.0003045,-1.46254e-22
3.1585,2.8415,0.05,0.0236433,-0.000299009,-1.41088e-22
3.1585,2.84454,0.05,0.0235326,-0.000293376,-1.0409e-22
3.1585,2.84758,0.05,0.0234212,-0.00028774,-7.48944e-23
3.1585,2.85062,0.05,0.0233098,-0.000282104,-4.56989e-23
3.1585,2.85366,0.05,0.0231984,-0.000276468,-1.65033e-23
3.1585,2.8567,0.05,0.023081,-0.000270765,1.26782e-23
3.1585,2.85974,0.05,0.022958,-0.000265016,4.87132e-23
3.1585,2.86277,0.05,0.0228351,-0.000259266,8.47481e-23
3.1585,2.86581,0.05,0.0227121,-0.000253517,1.20783e-22
3.1585,2.86885,0.05,0.0225862,-0.00024774,1.37262e-22
3.1585,2.87189,0.05,0.0224513,-0.000241917,9.9468e-23
3.1585,2.87493,0.05,0.0223164,-0.000236094,6.16742e-23
3.1585,2.87797,0.05,0.0221816,-0.000230271,2.38804e-23
3.1585,2.88101,0.05,0.0220449,-0.000224435,-8.85811e-24
3.1585,2.88405,0.05,0.0218977,-0.000218583,-4.55497e-23
3.1585,2.88709,0.05,0.0217506,-0.00021273,-8.22412e-23
3.1585,2.89013,0.05,0.0216034,-0.000206878,-1.18933e-22
3.1585,2.89317,0.05,0.0214537,-0.00020102,-1.4032e-22
3.1585,2.8962,0.05,0.0212939,-0.000195184,-1.00723e-22
3.1585,2.89924,0.05,0.0211341,-0.000189348,-6.11269e-23
3.1585,2.90228,0.05,0.0209743,-0.000183512,-2.15303e-23
3.1585,2.90532,0.05,0.0208091,-0.000177692,7.48938e-24
3.1585,2.90836,0.05,0.0206362,-0.000171917,2.92163e-23
3.1585,2.9114,0.05,0.0204633,-0.000166142,5.09432e-23
3.1585,2.91444,0.05,0.0202903,-0.000160368,7.26701e-23
3.1585,2.91748,0.05,0.0201068,-0.000154664,6.79433e-23
3.1585,2.92052,0.05,0.0199201,-0.000148994,4.54218e-23
3.1585,2.92356,0.05,0.0197334,-0.000143324,2.29002e-23
3.1585,2.92659,0.05,0.0195428,-0.000137684,-1.18048e-23
3.1585,2.92963,0.05,0.0193415,-0.000132159,-3.58609e-23
3.1585,2.93267,0.05,0.0191401,-0.000126633,-5.99171e-23
3.1585,2.93571,0.05,0.0189388,-0.000121108,-8.39732e-23
3.1585,2.93875,0.05,0.0187231,-0.00011574,-8.09679e-23
3.1585,2.94179,0.05,0.0185059,-0.000110396,-8.2682e-23
3.1585,2.94483,0.05,0.0182887,-0.000105053,-8.4396e-23
3.1585,2.94787,0.05,0.0180596,-9.98496e-05,-5.49125e-23
3.1585,2.95091,0.05,0.0178249,-9.47211e-05,-9.42698e-24
3.1585,2.95395,0.05,0.0175902,-8.95925e-05,3.60586e-23
3.1585,2.95698,0.05,0.0173437,-8.4603e-05,6.04765e-23
3.1585,2.96002,0.05,0.0170891,-7.97185e-05,7.24999e-23
3.1585,2.96306,0.05,0.0168345,-7.4834e-05,8.45233e-23
3.1585,2.9661,0.05,0.0165653,-7.01155e-05,5.88125e-23
3.1585,2.96914,0.05,0.0162875,-6.55009e-05,9.61204e-24
3.1585,2.97218,0.05,0.0160098,-6.08863e-05,-3.95884e-23
3.1585,2.97522,0.05,0.0157098,-5.65017e-05,-2.02923e-23
3.1585,2.97826,0.05,0.0154042,-5.21797e-05,1.6362e-23
3.1585,2.9813,0.05,0.0150956,-4.78834e-05,5.02602e-23
3.1585,2.98434,0.05,0.0147554,-4.38743e-05,3.98582e-23
3.1585,2.98738,0.05,0.0144153,-3.98653e-05,2.94562e-23
3.1585,2.99041,0.05,0.0140525,-3.60228e-05,1.0114e-23
3.1585,2.99345,0.05,0.0136679,-3.23452e-05,-1.26083e-23
3.1585,2.99649,0.05,0.0132801,-2.86845e-05,-3.26796e-23
3.1585,2.99953,0.05,0.0128355,-2.53568e-05,-4.33319e-23
3.1585,3.00257,0.05,0.0123909,-2.20292e-05,-5.39842e-23
3.1585,3.00561,0.05,0.0118847,-1.89685e-05,-4.97794e-23
3.1585,3.00865,0.05,0.0113551,-1.6011e-05,-3.81247e-23
3.1585,3.01169,0.05,0.0107573,-1.32617e-05,-1.5255e-23
3.1585,3.01473,0.05,0.0100989,-1.06988e-05,1.63496e-23
3.1585,3.01777,0.05,0.00934029,-8.33502e-06,2.25419e-23
3.1585,3.0208,0.05,0.00847137,-6.19085e-06,1.12958e-24
3.1585,3.02384,0.05,0.00739505,-4.30497e-06,-1.19445e-23
3.1585,3.02688,0.05,0.0061669,-2.60823e-06,-1.89563e-23
3.1585,3.02992,0.05,0.00450635,-1.38191e-06,-8.92671e-24
3.1585,3.03296,0.05,0.0025217,-4.55695e-07,-6.82848e-27
3.1585,3.036,0.05,2.09605e-14,-3.70591e-19,3.90629e-36
