y,U_0,U_1,U_2,UMean_0,UMean_1,UMean_2
-5.5511152e-17,0,0,0,0,0,0
0.00024233637,0.0078392688,-3.7191493e-06,5.5736539e-24,-0.0038096572,1.5854335e-06,3.7639545e-24
0.00048856526,0.015723244,-6.0772547e-06,5.4200332e-24,-0.0076681641,2.7303205e-06,3.6215468e-24
0.00073874919,0.023621903,-1.013037e-05,-1.8287429e-24,-0.011565441,4.0067062e-06,-1.2387038e-24
0.00099295171,0.031510011,-1.4612764e-05,-2.7733839e-24,-0.015492267,5.7934012e-06,-1.8775571e-24
0.0012512373,0.039381121,-1.9957404e-05,1.3051291e-24,-0.019447645,8.0793929e-06,8.1471826e-25
0.0015136717,0.047228886,-2.5882823e-05,6.3974015e-24,-0.023430459,1.0866843e-05,4.2646252e-24
0.0017803214,0.055047083,-3.2103363e-05,5.0172348e-24,-0.027439471,1.4160406e-05,3.3555205e-24
0.0020512541,0.062829648,-3.8320072e-05,6.5643836e-24,-0.031473329,1.7964683e-05,4.3997163e-24
0.0023265387,0.0705707,-4.4215157e-05,5.2128853e-24,-0.03553057,2.2283386e-05,3.4806383e-24
0.0026062451,0.07826456,-4.9454598e-05,-2.1536895e-24,-0.039609624,2.7120288e-05,-1.4439059e-24
0.0028904442,0.085905774,-5.3689681e-05,-5.5824919e-25,-0.043708816,3.2477767e-05,-4.0371243e-25
0.0031792083,0.093489138,-5.6561425e-05,3.4826521e-24,-0.047826376,3.8359078e-05,2.3073837e-24
0.0034726106,0.10100972,-5.769783e-05,9.3837221e-24,-0.05196044,4.4766731e-05,6.2779032e-24
0.0037707257,0.10846282,-5.6710425e-05,8.8414933e-24,-0.056109061,5.1702007e-05,5.913847e-24
0.0040736293,0.11584402,-5.3199672e-05,-4.5086044e-24,-0.06027021,5.9168093e-05,-3.0345615e-24
0.0043813983,0.12314927,-4.6754658e-05,-5.8523797e-24,-0.064441786,6.7166901e-05,-3.8995861e-24
0.0046941108,0.13037481,-3.6956009e-05,3.7414935e-24,-0.068621618,7.5699301e-05,2.4994858e-24
0.0050118462,0.13751723,-2.3378399e-05,8.3673102e-24,-0.072807472,8.47673e-05,5.5193189e-24
0.0053346853,0.14457349,-5.5878219e-06,7.1499007e-24,-0.076997068,9.4372613e-05,4.7614756e-24
0.0056627099,0.15154087,1.6856346e-05,-7.4051787e-24,-0.081188085,0.00010451617,-4.8897083e-24
0.0059960035,0.15841702,4.4397836e-05,-1.272912e-23,-0.085378162,0.00011519953,-8.5356011e-24
0.0063346505,0.16519995,7.7484634e-05,3.2563246e-24,-0.089564899,0.00012642399,2.1529922e-24
0.0066787371,0.17188804,0.0001165692,-4.0825671e-24,-0.093745875,0.00013818949,-2.6669279e-24
0.0070283505,0.17848,0.00016210464,2.6434236e-24,-0.09791866,0.00015049591,1.7709072e-24
0.0073835797,0.18497494,0.0002145448,2.2969306e-23,-0.1020808,0.00016334529,1.5407017e-23
0.0077445146,0.1913723,0.00027434449,1.6340984e-23,-0.1062298,0.00017673876,1.0899718e-23
0.0081112471,0.19767184,0.00034195643,1.7489112e-23,-0.11036319,0.00019067686,1.1606727e-23
0.0084838703,0.20387372,0.00041783292,1.3690526e-23,-0.11447843,0.00020516151,9.188227e-24
0.0088624786,0.20997837,0.00050242243,-1.6099821e-23,-0.11857301,0.00022019531,-1.0756753e-23
0.0092471684,0.21598656,0.00059616908,-1.1502954e-23,-0.12264439,0.00023578199,-7.7409686e-24
0.0096380372,0.22189936,0.00069951397,1.6882459e-23,-0.12669003,0.00025192526,1.1197875e-23
0.010035184,0.22771814,0.00081289222,1.1830978e-23,-0.13070743,0.00026862897,7.9118923e-24
0.010438711,0.23344452,0.0009367337,-4.7941028e-25,-0.13469409,0.00028589707,-3.0611161e-25
0.010848719,0.23908039,0.0010714601,-1.5353896e-23,-0.13864754,0.00030373483,-1.0249016e-23
0.011265312,0.2446279,0.001217486,-7.4069811e-25,-0.14256528,0.00032214738,-4.1797003e-25
0.011688598,0.25008938,0.0013752183,2.8357596e-23,-0.14644487,0.00034113901,1.8944945e-23
0.012118682,0.25546741,0.001545054,2.0916631e-25,-0.15028383,0.0003607154,8.6467709e-27
0.012555674,0.26076471,0.0017273806,-2.9942112e-23,-0.15407978,0.00038088243,-2.0164202e-23
0.012999686,0.26598422,0.0019225761,-5.7245674e-24,-0.15783033,0.00040164443,-3.8973386e-24
0.01345083,0.27112897,0.0021310054,2.0608471e-24,-0.16153312,0.00042300032,1.2419452e-24
0.01390922,0.27620214,0.0023530218,-1.1045088e-23,-0.16518576,0.00044494355,-7.6162642e-24
0.014374973,0.28120704,0.0025889666,1.2997153e-24,-0.16878583,0.00046749428,7.1780817e-25
0.014848207,0.28614702,0.0028391673,-3.2770537e-24,-0.17233085,0.00049069422,-2.0478367e-24
0.015329042,0.29102554,0.0031039375,-6.112413e-24,-0.17581855,0.00051454408,-3.7646231e-24
0.015817601,0.29584606,0.0033835747,-4.5602326e-23,-0.17924681,0.00053902125,-3.0615548e-23
0.016314007,0.30061211,0.0036783603,-3.0561476e-23,-0.18261359,0.00056412959,-2.0510076e-23
0.016818387,0.30532721,0.0039885576,-1.0391013e-24,-0.18591692,0.00058986928,-4.9095751e-25
0.017330868,0.30999485,0.0043144149,-1.7696509e-24,-0.18915496,0.00061623764,-7.3878412e-25
0.017851582,0.31461853,0.0046561604,3.4273746e-23,-0.1923259,0.00064324448,2.3883074e-23
0.018380659,0.31920165,0.005014001,1.6749883e-23,-0.19542808,0.00067089258,1.2232364e-23
0.018918234,0.32374759,0.0053881232,1.4409861e-23,-0.19845999,0.00069918312,1.0049784e-23
0.019464444,0.32825961,0.0057786909,3.0816636e-23,-0.20142019,0.00072810474,2.1140147e-23
0.020019428,0.3327409,0.0061858456,8.6306575e-23,-0.20430728,0.00075765144,6.0421311e-23
0.020583326,0.33719452,0.006609704,4.341101e-23,-0.20711983,0.00078783154,3.0426689e-23
0.021156282,0.34162339,0.0070503658,-1.4482949e-23,-0.20985657,0.00081863599,-9.6084761e-24
0.02173844,0.34603026,0.0075079076,1.1050286e-23,-0.21251637,0.00085005693,8.572724e-24
0.02232995,0.35041771,0.0079823627,3.8562401e-24,-0.21509822,0.00088209653,3.4104149e-24
0.022930961,0.3547884,0.0084737516,2.7261366e-25,-0.21760128,0.00091475384,4.1716064e-26
0.023541625,0.35914497,0.0089820949,-3.254377e-23,-0.22002493,0.00094802557,-2.3483216e-23
0.024162099,0.36348976,0.0095073503,-5.662187e-23,-0.22236873,0.00098190773,-4.0240637e-23
0.024792538,0.36782504,0.010049434,-4.2522007e-24,-0.22463235,0.0010164014,-2.9156857e-24
0.025433104,0.37215304,0.010608258,2.4999271e-23,-0.22681551,0.0010515136,1.7507227e-23
0.026083959,0.37647568,0.011183717,-5.4302601e-23,-0.2289181,0.0010872361,-4.0663225e-23
0.026745269,0.38079444,0.011775656,-7.0015943e-23,-0.23094013,0.0011235472,-5.2003966e-23
0.027417201,0.38511011,0.012383806,-1.7075746e-23,-0.23288179,0.0011604405,-1.2900906e-23
0.028099925,0.38942334,0.013007885,-1.4797146e-23,-0.23474344,0.0011979225,-1.2249763e-23
0.028793616,0.39373496,0.013647632,8.7741483e-23,-0.23652552,0.0012359783,6.5584452e-23
0.029498449,0.39804571,0.014302729,1.5459831e-22,-0.2382286,0.0012745686,1.1810667e-22
0.030214604,0.40235616,0.014972809,-8.9405953e-24,-0.23985336,0.0013136819,-6.5156107e-24
0.030942262,0.40666671,0.01565746,-1.0735419e-22,-0.24140067,0.001353322,-8.3232735e-23
0.031681608,0.41097758,0.016356233,-6.4404761e-23,-0.24287161,0.0013934643,-5.0348784e-23
0.03243283,0.4152888,0.017068629,-4.5554363e-23,-0.24426743,0.001434071,-3.4668857e-23
0.033196118,0.41960026,0.017794106,2.8889254e-23,-0.2455895,0.0014751321,2.3364082e-23
0.033971666,0.42391167,0.018532075,3.9552914e-23,-0.24683925,0.0015166502,3.1285378e-23
0.034759672,0.42822261,0.019281904,-7.1109931e-23,-0.24801807,0.0015585953,-5.4552362e-23
0.035560335,0.43253251,0.020042909,-4.3965227e-24,-0.24912745,0.0016009334,-2.9201317e-24
0.036373858,0.43684067,0.020814365,8.2622495e-23,-0.25016911,0.0016436347,6.545342e-23
0.037200449,0.4411463,0.021595498,7.3888542e-23,-0.25114494,0.0016866525,5.9126265e-23
0.038040317,0.44544846,0.022385488,-5.7938893e-23,-0.2520568,0.0017299443,-4.6680224e-23
0.038893675,0.44974615,0.023183475,-1.8764487e-22,-0.25290649,0.0017734972,-1.4967325e-22
0.03976074,0.45403826,0.023988545,-5.3584324e-23,-0.25369584,0.0018172852,-4.3127789e-23
0.040641733,0.45832362,0.02479974,1.5086671e-23,-0.25442674,0.0018612813,1.1146419e-23
0.041536876,0.46260099,0.025616068,2.9194483e-23,-0.25510107,0.0019054915,2.3444374e-23
0.042446398,0.46686909,0.026436489,-9.9827745e-23,-0.25572047,0.0019498728,-7.9868343e-23
0.043370529,0.47112657,0.027259918,-1.8297189e-22,-0.25628653,0.0019943843,-1.4552259e-22
0.044309504,0.47537207,0.028085236,-9.1887597e-23,-0.25680087,0.0020390397,-7.2051839e-23
0.045263561,0.47960422,0.028911285,-3.9961454e-23,-0.25726513,0.0020837925,-3.1542253e-23
0.046232942,0.48382159,0.029736869,-3.0766153e-23,-0.25768118,0.0021285301,-1.897882e-23
0.047217894,0.48802279,0.030560748,-4.7035325e-24,-0.25805088,0.0021731956,5.5184208e-24
0.048218667,0.49220641,0.031381662,4.7340903e-23,-0.25837583,0.0022177945,3.9831955e-23
0.049235515,0.49637105,0.032198315,-3.4294454e-23,-0.25865764,0.0022622942,-2.7288772e-23
0.050268696,0.50051533,0.033009373,-4.3491248e-23,-0.25889829,0.0023065888,-3.2415023e-23
0.051318472,0.5046379,0.033813478,3.7728707e-24,-0.25909988,0.0023506444,9.7466295e-25
0.052385111,0.50873743,0.034609244,-1.4522686e-22,-0.25926433,0.0023944668,-1.2157842e-22
0.053468882,0.51281262,0.035395265,2.314646e-23,-0.25939332,0.0024379728,1.4297238e-23
0.054570061,0.51686222,0.036170101,2.0505225e-22,-0.25948844,0.0024811364,1.6525448e-22
0.055688928,0.52088501,0.036932294,-1.0016091e-22,-0.25955124,0.0025240027,-8.2074396e-23
0.056825767,0.52487984,0.037680371,-9.1319281e-23,-0.25958309,0.0025664748,-7.5333775e-23
0.057980866,0.52884559,0.038412833,-1.4803941e-23,-0.25958546,0.002608432,-1.192389e-23
0.059154519,0.53278122,0.039128154,-4.0762376e-23,-0.25955992,0.0026498368,-4.0490868e-23
0.060347024,0.53668571,0.039824813,-2.4797394e-23,-0.25950787,0.0026906432,-2.5264646e-23
0.061558683,0.54055815,0.040501253,-6.63558e-23,-0.2594308,0.0027308883,-4.8127e-23
0.062789805,0.54439768,0.041155907,1.1865231e-22,-0.25933033,0.0027706185,1.0532607e-22
0.064040701,0.54820351,0.041787193,1.1980585e-22,-0.2592082,0.0028098223,9.8392516e-23
0.06531169,0.55197494,0.042393511,-4.9458842e-24,-0.25906587,0.00284851,-7.3056483e-24
0.066603094,0.55571133,0.042973247,2.2102215e-22,-0.25890406,0.0028866713,1.8486722e-22
0.067915242,0.55941208,0.043524771,1.4454071e-22,-0.25872319,0.0029242653,1.2080711e-22
0.069248465,0.56307657,0.044046426,2.2715499e-22,-0.25852369,0.0029612662,1.8016385e-22
0.070603104,0.56670417,0.044536586,4.3368085e-22,-0.25830566,0.002997636,3.5736209e-22
0.071979501,0.57029393,0.04499354,1.7068624e-23,-0.25806912,0.0030332788,1.8791738e-23
0.073378007,0.57384496,0.045415505,-3.7937523e-22,-0.25781429,0.0030680713,-3.0218679e-22
0.074798976,0.57735698,0.045800873,-5.0646035e-22,-0.25754156,0.0031019731,-4.016372e-22
0.07624277,0.58082992,0.046148052,-3.1196165e-22,-0.25725151,0.0031349257,-2.640359e-22
0.077709754,0.58426381,0.046455528,-9.786228e-23,-0.25694486,0.0031668619,-9.0246111e-23
0.079200302,0.58765819,0.046721694,1.4777751e-22,-0.25662228,0.0031977832,1.3278456e-22
0.080714792,0.59101149,0.046944733,1.8097122e-22,-0.25628398,0.0032276525,1.5868464e-22
0.082253608,0.59432125,0.047123157,-1.0653693e-22,-0.25593002,0.0032563483,-7.883474e-23
0.083817142,0.59758336,0.047255739,-2.7061845e-22,-0.25556084,0.0032837955,-2.2207563e-22
0.085405789,0.60079248,0.047341175,-4.427256e-22,-0.2551768,0.0033100148,-3.7429133e-22
0.087019955,0.60394435,0.047378105,1.9853287e-22,-0.25477817,0.0033350625,1.6367139e-22
0.088660047,0.60703705,0.047365348,4.9296411e-22,-0.25436546,0.0033589109,4.1521056e-22
0.090326484,0.61006994,0.047301809,-1.7694092e-22,-0.25393863,0.0033814265,-1.3102316e-22
0.092019688,0.61304214,0.047186315,-2.277318e-22,-0.25349718,0.0034025717,-1.8017857e-22
0.093740089,0.61595222,0.047017636,1.9342227e-22,-0.25304109,0.003422431,1.5295029e-22
0.095488124,0.61879842,0.046794551,3.525147e-22,-0.25257076,0.0034410258,2.9122473e-22
0.097264236,0.62157879,0.046515875,1.3162345e-22,-0.25208614,0.0034582578,9.8560514e-23
0.099068878,0.62429131,0.046180441,-1.238635e-22,-0.25158673,0.0034740803,-1.1111073e-22
0.10090251,0.62693382,0.045787098,-1.5783954e-22,-0.25107196,0.0034884439,-1.1875128e-22
0.10276559,0.62950404,0.045334722,2.3196092e-22,-0.25054172,0.0035012589,1.9371562e-22
0.10465859,0.63199948,0.044822207,2.0845266e-22,-0.24999604,0.0035125393,1.5958251e-22
0.10658201,0.63441743,0.044248446,-1.3963183e-22,-0.24943496,0.0035223551,-1.3506247e-22
0.10853631,0.63675504,0.04361233,-6.1100291e-23,-0.2488589,0.0035307882,-6.7442455e-23
0.11052201,0.63900943,0.042912763,-1.0368764e-22,-0.24826846,0.0035378684,-1.080586e-22
0.11253961,0.64117765,0.042148685,-3.5570167e-23,-0.24766413,0.0035436608,-4.8741119e-23
0.11458961,0.64325662,0.041319056,3.154888e-22,-0.24704597,0.0035485404,2.5522796e-22
0.11667254,0.64524307,0.040422844,4.8000773e-22,-0.24641391,0.0035527489,4.1112427e-22
0.11878893,0.64713347,0.039459009,2.1646658e-22,-0.2457685,0.0035561941,1.9268304e-22
0.12093931,0.64892414,0.038426491,3.8768905e-22,-0.24510987,0.0035591036,3.3098637e-22
0.12312423,0.65061135,0.037324233,8.4838734e-22,-0.24443642,0.0035621248,7.2808224e-22
0.12534425,0.65219125,0.036151199,1.0790571e-21,-0.24374754,0.0035654515,9.3278427e-22
0.12759992,0.65365978,0.034906363,6.6508773e-22,-0.2430453,0.0035683429,5.7172268e-22
0.12989183,0.65501254,0.033588685,-2.721229e-22,-0.24233082,0.003570766,-2.2874018e-22
0.13222055,0.65624489,0.032197108,-2.212542e-22,-0.241603,0.0035738849,-1.6829332e-22
0.13458668,0.65735203,0.030730583,5.5038628e-23,-0.24086148,0.0035779465,6.2652203e-23
0.13699081,0.65832912,0.029188081,-3.556302e-22,-0.24010775,0.0035824816,-3.0078819e-22
0.13943356,0.65917113,0.027568606,-6.1245399e-22,-0.23934388,0.0035875794,-5.2496072e-22
0.14191555,0.65987283,0.025871204,-1.2709781e-22,-0.23857178,0.0035934505,-1.0379325e-22
0.1444374,0.66042872,0.024094954,5.62744e-24,-0.23779289,0.0036000133,2.2144336e-23
0.14699976,0.66083308,0.022239024,-4.900226e-22,-0.2370079,0.0036071572,-4.0427776e-22
0.14960327,0.66107975,0.020302767,-2.1106015e-22,-0.23621687,0.0036149414,-1.7550346e-22
0.15224861,0.66116194,0.018285578,1.8289298e-22,-0.23541982,0.0036232585,1.4811055e-22
0.15493644,0.66107365,0.016186604,1.8231923e-22,-0.23461719,0.0036319272,1.4640005e-22
0.15766744,0.66081207,0.014004978,-3.6404535e-22,-0.23381013,0.0036407926,-2.8266494e-22
0.1604423,0.66037763,0.011740321,-9.3837937e-24,-0.23300013,0.0036491672,6.3552316e-24
0.16326174,0.65977003,0.0093926415,-2.2930873e-22,-0.23218659,0.0036566588,-1.6615042e-22
0.16612647,0.65898458,0.0069618913,-2.3351501e-22,-0.23136711,0.00366379,-1.834214e-22
0.16903721,0.65801297,0.0044481607,5.3810869e-22,-0.23054094,0.0036703873,4.6007081e-22
0.1719947,0.6568466,0.0018521879,1.4146107e-21,-0.22970839,0.0036757787,1.099174e-21
0.1749997,0.65547873,-0.00082536083,1.8077824e-21,-0.22886884,0.0036798461,1.3470154e-21
0.17805296,0.65390707,-0.0035827761,9.3324253e-22,-0.22802129,0.0036824711,6.7579832e-22
0.18115527,0.65213618,-0.0064146891,1.0255053e-22,-0.22716383,0.0036835684,7.0898234e-23
0.18430741,0.65017132,-0.0093171131,-6.2869805e-22,-0.22629264,0.0036829298,-4.5309547e-22
0.18751018,0.64801351,-0.012290934,-4.3688071e-22,-0.22540404,0.0036802997,-3.1911858e-22
0.1907644,0.64567078,-0.015329864,-5.0521997e-22,-0.2244973,0.0036751523,-3.7768358e-22
0.19407088,0.64316299,-0.01841914,-4.1586346e-22,-0.22357149,0.0036669231,-2.8413459e-22
0.19743048,0.64049753,-0.021561885,-6.1674444e-22,-0.22262347,0.00365572,-3.9742126e-22
0.20084404,0.63767775,-0.024760507,4.0922232e-22,-0.22165087,0.0036415676,2.7917093e-22
0.20431243,0.63472191,-0.028000224,5.0924991e-22,-0.22065254,0.0036239739,3.5994124e-22
0.20783653,0.63163851,-0.031280922,-1.3859632e-22,-0.21962751,0.0036025503,-7.4877827e-23
0.21141724,0.62842952,-0.034606101,2.9818057e-22,-0.21857526,0.0035772247,1.9015948e-22
0.21505546,0.62510448,-0.037970405,3.4354652e-22,-0.21749549,0.0035479951,2.1899436e-22
0.21875212,0.62167266,-0.041371467,7.046663e-22,-0.2163869,0.0035146851,4.7343975e-22
0.22250816,0.61814278,-0.044807349,1.0637134e-21,-0.21524712,0.0034767184,7.0730861e-22
0.22632453,0.61452486,-0.048274174,6.6210185e-22,-0.21407354,0.0034338119,4.3192695e-22
0.2302022,0.61082512,-0.051771164,-3.0913789e-22,-0.21286433,0.0033860424,-2.3772738e-22
0.23414215,0.60704612,-0.055298892,-1.4243735e-21,-0.21161837,0.0033333069,-9.5759462e-22
0.23814539,0.60319132,-0.058855852,3.0602088e-22,-0.21033411,0.0032752048,2.3505554e-22
0.24221294,0.59926052,-0.062443453,8.8669357e-22,-0.20900888,0.0032113483,6.1084995e-22
0.24634581,0.59525147,-0.066063013,7.09718e-22,-0.20763951,0.0031416809,5.1289267e-22
0.25054508,0.59116464,-0.069713122,2.2781865e-21,-0.20622287,0.0030661354,1.5423389e-21
0.25481179,0.5870002,-0.073393545,6.1514898e-22,-0.20475597,0.0029843721,4.225234e-22
0.25914703,0.58275747,-0.077104347,1.344142e-22,-0.20323584,0.0028961418,1.2469618e-22
0.26355191,0.57843579,-0.08084537,6.8967305e-22,-0.2016598,0.002801431,4.8432897e-22
0.26802755,0.57403376,-0.084617011,-3.4784788e-23,-0.20002561,0.0027001293,-2.5664623e-23
0.27257507,0.56955,-0.088419416,6.2306825e-22,-0.19833054,0.0025918746,4.0485875e-22
0.27719564,0.5649836,-0.09225253,1.4643229e-21,-0.19657091,0.0024762398,9.7517659e-22
0.28189043,0.56033414,-0.096116047,9.1485731e-22,-0.19474331,0.0023529437,5.8398991e-22
0.28666062,0.55560185,-0.1000092,-4.6130986e-22,-0.19284574,0.002221921,-3.5410178e-22
0.29150744,0.55078674,-0.10393142,-3.3027778e-22,-0.19087665,0.0020829581,-2.2929948e-22
0.29643211,0.54588843,-0.10788227,-7.8426244e-22,-0.18883364,0.0019358383,-5.1840145e-22
0.30143588,0.54090653,-0.11186124,-2.9505299e-21,-0.18671345,0.0017806366,-1.9717515e-21
0.30652003,0.53584083,-0.11586771,-2.2723772e-21,-0.1845123,0.0016172517,-1.498971e-21
0.31168584,0.53069142,-0.11990094,-5.3140924e-22,-0.18222639,0.0014455847,-3.5207191e-22
0.31693462,0.52545866,-0.12396004,-8.448242e-22,-0.1798519,0.0012654274,-5.7264828e-22
0.32226771,0.52014294,-0.128044,-2.3284208e-22,-0.17738526,0.0010763563,-1.5369089e-22
0.32768647,0.51474473,-0.13215171,3.4718482e-22,-0.17482337,0.00087817932,2.5456707e-22
0.33319226,0.50926466,-0.13628199,9.599879e-22,-0.17216303,0.00067072942,6.7182836e-22
0.33878649,0.5037034,-0.14043361,7.5820835e-22,-0.16940101,0.00045379111,5.365048e-22
0.34447058,0.4980617,-0.14460523,-4.6297503e-22,-0.16653389,0.00022710648,-2.7394721e-22
0.35024597,0.49234044,-0.14879545,1.4850031e-21,-0.1635579,-9.6385654e-06,9.7170554e-22
0.35611413,0.48654063,-0.15300276,3.8895606e-21,-0.16046937,-0.0002565609,2.4832385e-21
0.36207654,0.48066335,-0.15722547,2.3910613e-21,-0.15726486,-0.00051346146,1.5116935e-21
0.36813472,0.47470988,-0.16146184,5.3493293e-22,-0.15394033,-0.00077996772,3.0848779e-22
0.37429022,0.46868159,-0.16571001,-2.776896e-23,-0.15049062,-0.0010562111,-4.9172943e-23
0.38054458,0.46257992,-0.16996796,1.6460628e-21,-0.14691108,-0.0013432682,1.0052791e-21
0.38689941,0.45640636,-0.17423356,8.9384874e-22,-0.14319901,-0.0016413561,5.6252905e-22
0.39335631,0.45016252,-0.1785045,-1.1913765e-21,-0.13935134,-0.0019496607,-7.1142474e-22
0.39732792,0.44634166,-0.18109181,-5.4434986e-23,-0.13693743,-0.0021428128,-1.3279057e-23
0.39991692,0.44384977,-0.18277674,6.9321318e-22,-0.13536383,-0.002268735,4.4567478e-22
0.40658292,0.43746964,-0.18704648,-1.3194771e-22,-0.13123346,-0.0025992984,-8.0125632e-23
0.41335599,0.43102426,-0.19131314,1.057398e-21,-0.12695731,-0.0029408022,6.4418627e-22
0.42023785,0.42451533,-0.1955734,-8.1072363e-23,-0.12253067,-0.0032932583,-6.3612189e-23
0.42723025,0.41794513,-0.19982348,-1.6375811e-21,-0.11794853,-0.0036572649,-1.0095479e-21
0.43433496,0.4113172,-0.20405904,1.465454e-21,-0.11320697,-0.0040328458,9.2503986e-22
0.44155379,0.40463671,-0.20827521,8.6960143e-22,-0.10830238,-0.0044201045,5.5072757e-22
0.44888858,0.39790986,-0.21246687,-4.1176067e-22,-0.10323223,-0.0048191542,-2.5774519e-22
0.45634118,0.3911429,-0.21662918,-7.0193121e-22,-0.097995416,-0.0052293404,-4.7503139e-22
0.46391349,0.38434174,-0.22075667,-1.8977152e-21,-0.092589907,-0.0056500858,-1.2720031e-21
0.47160743,0.37751249,-0.22484341,2.8127376e-21,-0.087011979,-0.0060814234,1.9541375e-21
0.47942495,0.37066202,-0.22888484,4.6994512e-21,-0.081257421,-0.0065235575,3.2319691e-21
0.48736804,0.36379923,-0.23286948,-5.3284181e-22,-0.07532178,-0.0069765065,-4.2368805e-22
0.49543872,0.35693634,-0.23679331,-1.6649725e-22,-0.06920021,-0.007440454,-9.6607559e-23
0.50363903,0.35009094,-0.24066554,3.5427841e-21,-0.062887826,-0.0079153331,2.5984168e-21
0.51197106,0.34327036,-0.24447448,2.4161492e-21,-0.056380174,-0.0084006954,1.7636729e-21
0.52043692,0.33647098,-0.2482,2.5671082e-21,-0.049672735,-0.0088962635,1.9804875e-21
0.52903876,0.32969569,-0.25183506,3.4509295e-21,-0.042760372,-0.0094018767,2.6524662e-21
0.53777878,0.32295319,-0.25537202,1.2878129e-21,-0.035637622,-0.0099174108,9.9175715e-22
0.54665917,0.31625462,-0.25880274,2.6213818e-22,-0.028298817,-0.010442623,2.2164753e-22
0.55568221,0.30961434,-0.26212147,1.0197625e-22,-0.020737312,-0.010977502,8.5284761e-23
0.56485018,0.3030517,-0.26531276,-8.4385728e-22,-0.012945637,-0.011521901,-7.8802826e-22
0.57416542,0.29658737,-0.26835764,-8.6859409e-22,-0.0049164288,-0.0120751,-8.5275879e-22
0.58363027,0.29023823,-0.27124671,2.5425013e-21,0.0033572596,-0.012636815,2.2687381e-21
0.59324716,0.28402024,-0.27396887,2.3099659e-21,0.011882351,-0.013207714,2.0520758e-21
0.60301852,0.27795255,-0.27650898,2.1759609e-22,0.020665197,-0.013786894,8.6822917e-23
0.61294683,0.27205634,-0.27885312,7.1516117e-22,0.029713151,-0.014373528,6.3744041e-22
0.62303461,0.26635444,-0.28098696,2.6474365e-21,0.039035611,-0.014966791,2.7570408e-21
0.63328443,0.26087113,-0.28289581,1.6176722e-21,0.048641647,-0.015564659,1.6495656e-21
0.64369889,0.25563215,-0.28456467,-1.2310943e-21,0.058539851,-0.016166318,-1.3258259e-21
0.65428063,0.25066458,-0.28597844,1.5359892e-22,0.06873799,-0.01677171,2.6898084e-22
0.66503233,0.24599679,-0.287122,8.4446629e-22,0.079242327,-0.017380483,8.7887607e-22
0.67595674,0.24165831,-0.28798041,1.5511416e-21,0.090060359,-0.017990522,1.9757315e-21
0.68705662,0.23767969,-0.2885391,2.6476785e-21,0.10119989,-0.018600444,3.4731724e-21
0.69833479,0.23409226,-0.2887841,1.7881954e-21,0.11266679,-0.019209812,2.3460608e-21
0.70979411,0.23092787,-0.28870231,2.3408799e-21,0.12446551,-0.019817306,3.5741271e-21
0.72143751,0.22821851,-0.28828174,2.5550469e-21,0.13659993,-0.020421578,4.1314034e-21
0.73326792,0.22599587,-0.28751183,2.8915375e-21,0.14907464,-0.021021568,4.6040502e-21
0.74528836,0.22429081,-0.28638371,1.751605e-21,0.16189255,-0.021616159,2.8254782e-21
0.75750187,0.22313272,-0.2848904,-2.4830395e-21,0.17505561,-0.022204174,-4.5534238e-21
0.76991157,0.22254893,-0.28302665,-3.4107845e-21,0.1885677,-0.022784662,-6.5482011e-21
0.7825206,0.22256408,-0.28079044,-3.1817842e-22,0.20243343,-0.023356822,-6.112021e-22
0.79533216,0.22320032,-0.27818313,1.2228998e-21,0.21665713,-0.023919997,2.5568773e-21
0.8083495,0.22447502,-0.27519913,2.8457284e-22,0.23124231,-0.024472629,6.5615176e-22
0.82157594,0.22636549,-0.2718423,-3.0004232e-22,0.24618918,-0.025013967,-6.0637584e-22
0.83501482,0.22881725,-0.26813048,-1.3196646e-22,0.26149765,-0.025545232,-3.4182664e-22
0.84866957,0.23183982,-0.26407168,-7.7819148e-23,0.27717024,-0.026065309,-2.5257503e-22
0.86254364,0.2354945,-0.25966917,3.5320568e-22,0.29320848,-0.026572731,1.5792057e-21
0.87664057,0.23981859,-0.25493189,2.9272537e-22,0.30961245,-0.027067884,9.0278726e-22
0.89096393,0.24482728,-0.24987364,-3.7617814e-22,0.32638245,-0.027549787,-2.4290758e-21
0.90551736,0.25052775,-0.24451005,-1.3513342e-22,0.34351868,-0.028017996,-8.631136e-22
0.92030455,0.25692364,-0.23885921,2.0265798e-22,0.36102036,-0.028472511,2.0491011e-21
0.93532926,0.26401628,-0.2329417,2.0200429e-22,0.37888473,-0.028911469,2.5143666e-21
0.94954949,0.27126786,-0.22719896,5.9342644e-23,0.39585857,-0.029305556,3.4863527e-22
0.95059531,0.27180093,-0.22677565,4.8627959e-23,0.39710686,-0.029334556,1.8775115e-22
0.96610656,0.28028251,-0.22035648,-5.8871893e-23,0.41568107,-0.029743672,-5.8435904e-22
0.98186697,0.28950009,-0.21369391,-1.5703472e-22,0.4346011,-0.030138661,3.1770448e-21
0.99788053,0.29948661,-0.20678334,-2.7301559e-22,0.45385989,-0.030518887,5.2158304e-21
1.0141513,0.31023426,-0.19963422,3.3425147e-23,0.47344955,-0.030884312,5.9742881e-22
1.0306834,0.32173099,-0.19226826,-2.1311951e-22,0.49336204,-0.03123478,9.0685458e-22
1.0474811,0.33397081,-0.18470986,-1.3280983e-21,0.51358884,-0.031570235,6.8584257e-21
1.0645486,0.34693769,-0.17698479,-1.6356207e-21,0.53412042,-0.03189071,7.204679e-21
1.0818902,0.36060987,-0.16912247,4.8629985e-22,0.55494632,-0.032196037,-1.1357267e-21
1.0995104,0.37496452,-0.1611544,1.3729718e-21,0.57605462,-0.032485825,-4.3216415e-21
1.1174136,0.3899743,-0.15311285,-3.7102429e-22,0.59743205,-0.032759554,8.2926641e-22
1.1356044,0.40560704,-0.14503122,-1.1634004e-21,0.61906528,-0.033016668,2.5403496e-21
1.1540873,0.42182758,-0.13694366,6.290085e-22,0.64094052,-0.033256546,-9.525015e-22
1.1728672,0.43859753,-0.12888412,1.7646968e-21,0.66304096,-0.033478439,-3.0539195e-21
1.1919487,0.45587506,-0.12088567,-6.2432609e-24,0.68534516,-0.033681442,-6.7410881e-23
1.2113366,0.47361633,-0.11297981,3.1884214e-23,0.70782861,-0.033864604,3.558989e-23
1.231036,0.49177679,-0.10519547,2.5491257e-22,0.73046475,-0.034026903,-3.6186112e-22
1.2510519,0.51031243,-0.097558218,-7.1108745e-22,0.75322466,-0.034167228,7.433203e-22
1.2713892,0.52918106,-0.090089773,9.2859474e-22,0.77607847,-0.034284986,-7.8367856e-22
1.2920532,0.54834287,-0.082807731,2.0751538e-21,0.79899677,-0.034379578,-1.8276832e-21
1.3130491,0.5677603,-0.075725567,-7.9425e-22,0.8219487,-0.034450481,5.7508641e-22
1.3343823,0.5873987,-0.068852536,-2.7552817e-21,0.84489706,-0.034497299,1.9475257e-21
1.3560581,0.6072265,-0.062193975,-3.2461295e-21,0.8678036,-0.03451955,2.0263485e-21
1.3780821,0.62721373,-0.055752063,-6.2271352e-21,0.89063739,-0.034517293,3.5372049e-21
1.4004599,0.6473297,-0.049526774,-3.6095047e-21,0.91336886,-0.034491222,2.058179e-21
1.4231971,0.66753643,-0.04351675,1.448731e-21,0.9359662,-0.034441376,-7.2822748e-22
1.4462995,0.68777359,-0.037719322,-2.6117906e-21,0.958394,-0.034367212,1.1574846e-21
1.469773,0.70793958,-0.032124409,-2.8881209e-21,0.98060031,-0.034267784,1.3094746e-21
1.4890744,0.72410285,-0.027739345,1.8579853e-21,0.9983339,-0.034167414,-6.9205989e-22
1.4936235,0.72791432,-0.026705431,2.9197357e-21,1.0025134,-0.034143738,-1.1394853e-21
1.5178572,0.74772884,-0.02143301,4.8964541e-21,1.0240315,-0.033998888,-1.8593656e-21
1.5420908,0.76760781,-0.01631417,3.399042e-21,1.044981,-0.033837997,-1.1928807e-21
1.5659413,0.78762621,-0.011387142,1.2961131e-21,1.0651596,-0.033666342,-4.0173887e-22
1.5894148,0.8075169,-0.0067029297,4.0387913e-21,1.0844381,-0.033488351,-1.1570131e-21
1.6125172,0.82694303,-0.0022898577,-1.1607589e-22,1.1027704,-0.033306396,-6.3088519e-23
1.6352544,0.84572883,0.0018493123,1.0846696e-21,1.1201582,-0.033122019,-2.2467921e-22
1.6576322,0.86383046,0.0057244447,6.1940924e-21,1.1366242,-0.032936409,-1.5582088e-21
1.6796562,0.88124821,0.0093523598,1.1734912e-21,1.1521974,-0.032750589,-2.959307e-22
1.701332,0.89799199,0.012750083,1.0783913e-21,1.1669102,-0.032565397,-2.4530897e-22
1.7226652,0.91407696,0.015933022,-1.6219477e-21,1.1807987,-0.032381379,3.1553704e-22
1.7436611,0.92951306,0.018915836,1.2502373e-22,1.1938993,-0.032199147,-1.0126034e-23
1.7643251,0.94430866,0.021712215,1.4452952e-21,1.2062492,-0.032019248,-2.8990072e-22
1.7846624,0.95847779,0.024334543,-1.3547735e-21,1.2178901,-0.031842015,2.4835311e-22
1.8046783,0.97203181,0.026794998,1.2150186e-21,1.2288643,-0.031667522,-2.1218856e-22
1.8243777,0.98498109,0.029104195,1.9210896e-21,1.2392098,-0.031495558,-3.234899e-22
1.8437657,0.99733867,0.031271817,4.050084e-22,1.2489604,-0.031325793,-6.4648711e-23
1.8628472,1.0091155,0.033307143,7.988772e-22,1.2581459,-0.031157887,-1.1977896e-22
1.881627,1.0203231,0.035218324,4.8668215e-22,1.2667913,-0.03099156,-8.4557402e-23
1.90011,1.0309732,0.037013031,-2.1548194e-22,1.274917,-0.030826496,3.2149293e-23
1.9183007,1.0410768,0.038698304,1.3973666e-21,1.2825402,-0.030662219,-1.7379072e-22
1.9362039,1.0506453,0.040280506,-6.2931108e-22,1.2896743,-0.030498191,8.5980152e-23
1.9538241,1.0596894,0.041765601,-4.6181427e-21,1.29633,-0.030333859,6.1449624e-22
1.9711657,1.0682198,0.04315902,-4.9972756e-22,1.3025155,-0.030168732,8.1278047e-23
1.9882332,1.0762469,0.044465812,4.3827768e-21,1.3082378,-0.030002388,-5.6153143e-22
2.0050309,1.0837811,0.045690609,7.5747021e-22,1.3135032,-0.029834438,-1.0693382e-22
2.0163387,1.0886037,0.046475644,-1.6823362e-21,1.3167966,-0.029718236,1.9263936e-22
2.021563,1.090833,0.046837908,-2.8275259e-21,1.3183182,-0.029664502,3.3388295e-22
2.0378338,1.0974133,0.047911847,-1.4942302e-21,1.3226904,-0.029492114,1.5696172e-22
2.0538473,1.1035304,0.048915663,1.2533901e-21,1.3266294,-0.029316511,-1.6221707e-22
2.0696077,1.1091946,0.049852839,3.0009179e-21,1.3301437,-0.02913701,-3.3324698e-22
2.085119,1.1144158,0.050726642,2.8204957e-22,1.3332384,-0.028953674,-2.3658178e-23
2.100385,1.1192046,0.051540168,-1.5660731e-21,1.335919,-0.028766565,1.5850386e-22
2.1154098,1.1235711,0.052296332,-1.34117e-21,1.3381934,-0.028575372,1.1296958e-22
2.130197,1.1275257,0.052997893,-5.0920109e-22,1.3400702,-0.02837985,4.360565e-23
2.1447504,1.131078,0.053647425,6.8435164e-22,1.3415583,-0.028179828,-4.8022588e-23
2.1590737,1.1342371,0.054247277,2.9789179e-22,1.3426657,-0.027975153,-2.3741991e-23
2.1731707,1.1370112,0.054799601,8.6421146e-22,1.3433995,-0.027765659,-3.1372351e-23
2.1870447,1.1394066,0.055306211,1.4168928e-21,1.3437658,-0.027551139,-4.4849956e-23
2.2006995,1.1414264,0.055768717,-6.912327e-23,1.3437702,-0.027331166,-1.2837216e-23
2.2141384,1.1430673,0.05618795,-1.3172182e-21,1.3434183,-0.027105502,2.3164255e-24
2.2273648,1.1443191,0.056564481,-6.3930124e-22,1.3427149,-0.026874139,-6.0739295e-24
2.2403822,1.1451719,0.056896959,-1.8330291e-22,1.341662,-0.02663694,-9.8182647e-24
2.2531937,1.1456606,0.057188143,4.6461448e-22,1.3402628,-0.026394123,3.6313101e-23
2.2658027,1.1458583,0.057445774,1.0379548e-21,1.3385251,-0.026145833,7.6131987e-23
2.2782124,1.1457912,0.05767563,-1.1111346e-22,1.3364572,-0.025891911,-1.8116624e-23
2.290426,1.1454398,0.057877177,1.6793143e-22,1.3340668,-0.02563234,2.8792946e-23
2.3024464,1.1447875,0.058047382,1.1579762e-21,1.3313609,-0.025367266,1.3126552e-22
2.3142768,1.1438248,0.058186218,1.1599403e-21,1.3283473,-0.025096858,1.4139638e-22
2.3259202,1.1425475,0.058293075,-1.3487771e-22,1.3250341,-0.024821296,-2.511075e-23
2.3373795,1.1409558,0.058367742,-9.5523572e-23,1.3214302,-0.024540835,-8.327428e-24
2.3486577,1.1390544,0.058410517,1.3308932e-21,1.3175443,-0.024255722,1.8632053e-22
2.3597576,1.1368513,0.058422173,2.4559259e-22,1.313385,-0.023966234,2.8659037e-23
2.370682,1.1343562,0.058403834,-2.9457474e-22,1.3089603,-0.023672611,-4.6133073e-23
2.3814337,1.1315788,0.058356825,-1.641937e-22,1.3042774,-0.023375139,-2.2814567e-23
2.3920154,1.1285241,0.058282699,9.1475196e-23,1.2993435,-0.02307413,1.4584521e-23
2.4024299,1.125189,0.05818349,3.6245017e-22,1.2941652,-0.022769942,5.5690115e-23
2.4126797,1.1215652,0.058061416,7.1758361e-22,1.2887496,-0.022463031,1.1029955e-22
2.4227675,1.1176686,0.057917772,4.834313e-22,1.2831041,-0.022153839,7.133204e-23
2.4326958,1.113561,0.057753922,3.4232522e-23,1.2772367,-0.021842762,4.7285372e-24
2.4424671,1.1093064,0.057570408,3.4422593e-22,1.2711555,-0.021530143,5.2864383e-23
2.452084,1.104934,0.057368015,-1.9926074e-22,1.2648686,-0.021216332,-3.1553065e-23
2.4615489,1.1004475,0.057149252,4.1058936e-23,1.2583842,-0.020901638,7.3085778e-24
2.4708641,1.0958326,0.056916805,8.7552122e-22,1.2517102,-0.020586368,1.3757597e-22
2.4800321,1.0910682,0.0566735,5.6312624e-22,1.2448543,-0.020270878,9.1453826e-23
2.4890551,1.0861369,0.056419485,6.9412787e-22,1.2378232,-0.019955472,1.1381738e-22
2.4979355,1.0810271,0.056153185,-9.408022e-23,1.230624,-0.019640361,-1.7720857e-23
2.5066755,1.0757376,0.055873863,-2.8249856e-22,1.2232643,-0.019325704,-4.279734e-23
2.5152774,1.0702755,0.055581375,4.6098278e-22,1.2157512,-0.019011617,8.4138584e-23
2.5237433,1.0646529,0.055276183,4.6988688e-22,1.2080907,-0.018698157,9.1516142e-23
2.5317536,1.0591056,0.054971352,4.2663032e-22,1.2005898,-0.018397444,8.135399e-23
2.5320753,1.0588829,0.054959073,4.2421552e-22,1.2002886,-0.018385368,8.0817828e-23
2.5402756,1.0529781,0.054630522,4.4722814e-22,1.1923509,-0.018073323,9.4872082e-23
2.5483463,1.0469462,0.054291568,4.7170647e-22,1.184284,-0.017762102,1.0962536e-22
2.5562894,1.0407938,0.053942713,8.6208897e-23,1.1760944,-0.01745176,1.816187e-23
2.5641069,1.0345261,0.053584308,-3.9234157e-22,1.1677882,-0.01714233,-9.9102654e-23
2.5718008,1.0281476,0.053216606,-2.4230083e-22,1.1593713,-0.016833848,-5.3792118e-23
2.5793731,1.0216622,0.052839812,1.113389e-22,1.1508483,-0.01652636,2.9803375e-23
2.5868257,1.0150739,0.052454105,7.9414952e-23,1.1422219,-0.016219614,2.2183611e-23
2.5941605,1.0083864,0.052059658,-2.3127693e-22,1.1334948,-0.01591361,-6.9888186e-23
2.6013794,1.0016036,0.051656638,-5.770733e-23,1.1246736,-0.015609427,-1.2776903e-23
2.6084841,0.99472921,0.051245211,2.0679163e-22,1.1157684,-0.015307362,6.4877386e-23
2.6154765,0.98776721,0.050825545,-1.6425496e-22,1.1067873,-0.015006607,-5.766705e-23
2.6223583,0.98072143,0.05039781,1.9245481e-22,1.0977366,-0.014706778,7.462442e-23
2.6291314,0.97359578,0.049962179,5.451983e-22,1.0886236,-0.014407998,2.1193667e-22
2.6357974,0.96639423,0.049518832,2.5507802e-22,1.0794571,-0.014110521,1.0461313e-22
2.642358,0.95912082,0.049067955,5.6929926e-23,1.070246,-0.013814474,2.4563392e-23
2.6488149,0.95177965,0.048609745,-5.8849009e-23,1.0609983,-0.013520126,-2.8039252e-23
2.6551697,0.9443749,0.048144409,-1.9711194e-23,1.0517197,-0.013227504,-8.6839987e-24
2.6614241,0.93691083,0.047672163,-5.3971328e-23,1.0424133,-0.012936583,-3.0485331e-23
2.6675796,0.92939176,0.047193239,-3.422317e-22,1.0330824,-0.012647736,-1.7961528e-22
2.6736378,0.92182209,0.046707877,-3.3777044e-22,1.0237309,-0.012361226,-1.8443068e-22
2.6796002,0.91420629,0.046216332,-1.9769567e-22,1.0143618,-0.012077077,-1.1330475e-22
2.6854683,0.90654888,0.045718872,1.5809342e-22,1.004977,-0.011795355,9.6975489e-23
2.6912437,0.89885442,0.045215773,3.1436539e-22,0.9955766,-0.011516273,1.8794067e-22
2.6969278,0.89112751,0.044707327,1.3545945e-22,0.98615969,-0.011240142,8.353134e-23
2.702522,0.88337276,0.044193832,-2.8833593e-22,0.97672383,-0.010967271,-2.0061419e-22
2.7080278,0.87559478,0.043675597,-4.5583343e-22,0.9672652,-0.010698103,-3.1566292e-22
2.7134466,0.86779819,0.043152941,-2.9388967e-22,0.95777886,-0.010433079,-2.173239e-22
2.7187797,0.85998755,0.042626187,-1.2438354e-22,0.94825909,-0.01017261,-9.5020447e-23
2.7240285,0.85216741,0.042095664,7.1560308e-23,0.93869939,-0.0099171444,5.7649121e-23
2.7291943,0.84434224,0.041561707,1.575857e-22,0.9290922,-0.0096670791,1.3635945e-22
2.7342784,0.83651644,0.041024652,1.6622972e-22,0.91942867,-0.009423006,1.4234274e-22
2.7392822,0.82869435,0.040484838,1.6329792e-22,0.90970045,-0.0091854848,1.5139322e-22
2.7442069,0.82088019,0.039942603,9.0159243e-23,0.89990129,-0.0089547415,8.0165961e-23
2.7490537,0.81307808,0.039398287,5.3708746e-23,0.89002692,-0.0087309257,5.4273437e-23
2.7538239,0.80529204,0.038852223,1.9867456e-22,0.88007442,-0.0085140355,1.988354e-22
2.7585187,0.79752596,0.038304746,1.0894375e-22,0.87004259,-0.0083040198,1.0487934e-22
2.7631392,0.78978358,0.037756184,-1.0989281e-22,0.85993241,-0.008100779,-1.244981e-22
2.7676868,0.78206855,0.037206861,-1.1910252e-22,0.84974716,-0.007904072,-1.3524371e-22
2.7721624,0.77438434,0.036657095,3.9311524e-23,0.83949345,-0.0077135019,4.1553748e-23
2.7765673,0.76673428,0.036107198,6.9414295e-23,0.82918203,-0.0075283817,8.5264171e-23
2.7809025,0.7591216,0.035557475,3.4148968e-23,0.81882542,-0.0073480206,4.614486e-23
2.7851692,0.75154932,0.035008221,2.2509817e-23,0.80843445,-0.0071719944,2.7449356e-23
2.7893685,0.74402035,0.034459727,6.1796432e-24,0.79801898,-0.0070001191,6.257437e-24
2.7935014,0.73653744,0.033912273,1.0668496e-22,0.78758899,-0.0068319888,1.2935813e-22
2.7975689,0.72910319,0.03336613,2.4805999e-22,0.77715348,-0.0066672022,3.0763514e-22
2.8015722,0.72172005,0.03282156,1.8476785e-23,0.76672066,-0.0065054952,3.2242942e-23
2.8055121,0.71439031,0.032278816,-9.4227728e-23,0.75629853,-0.0063465918,-1.1701356e-22
2.8093898,0.70711613,0.03173814,1.0462795e-22,0.7458958,-0.0061902905,1.4259323e-22
2.8132062,0.69989951,0.031199766,1.7043568e-22,0.73552181,-0.0060363478,2.3903648e-22
2.8169622,0.69274229,0.030663916,1.2177976e-22,0.72518341,-0.0058847685,1.6445468e-22
2.8206589,0.68564619,0.030130802,-1.2113208e-23,0.71488281,-0.0057357956,-1.6511575e-23
2.8242971,0.67861275,0.029600627,-6.1813853e-23,0.70462122,-0.0055895618,-8.5268327e-23
2.8278778,0.67164341,0.029073583,5.7219308e-24,0.69440264,-0.0054457013,3.9968533e-24
2.8314019,0.66473944,0.02854985,-1.1905715e-22,0.68423229,-0.0053039804,-1.743265e-22
2.8348703,0.65790199,0.0280296,-1.4293369e-22,0.67411411,-0.0051647504,-2.0841925e-22
2.8382838,0.65113205,0.027512994,5.6398156e-24,0.66405075,-0.0050281297,1.0135804e-23
2.8416434,0.6444305,0.027000183,-1.5953461e-23,0.65404505,-0.0048938035,-2.2572493e-23
2.8449499,0.63779809,0.026491306,-8.4101377e-23,0.64410087,-0.0047617488,-1.2076168e-22
2.8482041,0.63123544,0.025986495,-4.0248304e-23,0.63422204,-0.0046318808,-5.7187342e-23
2.8514069,0.62474305,0.025485871,-6.2231242e-23,0.62441121,-0.004504112,-9.5557249e-23
2.854559,0.6183213,0.024989545,-1.6793209e-22,0.61467107,-0.0043785241,-2.6292744e-22
2.8576613,0.61197045,0.02449762,-1.5974348e-23,0.60500454,-0.0042544232,-2.2827425e-23
2.8607146,0.60569066,0.024010189,-3.0278398e-23,0.59541234,-0.0041318764,-4.6461055e-23
2.8637196,0.59948199,0.023527336,-2.5412093e-22,0.58589372,-0.0040121286,-3.9842872e-22
2.8666771,0.59334439,0.023049139,-8.8685656e-23,0.57645007,-0.00389485,-1.3370926e-22
2.8695878,0.58727772,0.022575664,-1.8562721e-23,0.56708369,-0.003779078,-3.7484882e-23
2.8724526,0.58128173,0.022106973,-1.0773197e-22,0.55779527,-0.0036651565,-1.8396485e-22
2.875272,0.57535609,0.021643118,8.4799095e-23,0.5485846,-0.0035534174,1.3065224e-22
2.8780469,0.56950041,0.021184145,8.5213792e-23,0.53945106,-0.0034432836,1.3850608e-22
2.8807779,0.5637142,0.020730093,-1.1382894e-22,0.53039596,-0.0033344363,-1.7235108e-22
2.8834657,0.55799689,0.020280996,-4.1624759e-23,0.52142108,-0.0032288406,-5.6504992e-23
2.886111,0.55234786,0.019836881,3.2808504e-25,0.51251833,-0.0031264045,1.7122379e-25
2.8887146,0.54676642,0.019397768,-2.1851581e-23,0.50368176,-0.0030252373,-4.5744186e-23
2.8912769,0.5412518,0.018963674,3.897444e-23,0.49491694,-0.0029260764,5.6987876e-23
2.8937988,0.53580316,0.01853461,-4.8310005e-23,0.48623082,-0.0028297177,-7.5013096e-23
2.8962807,0.53041961,0.018110583,-5.9893949e-23,0.47762996,-0.0027352924,-9.863924e-23
2.8987235,0.52510015,0.017691594,1.2190442e-23,0.46911832,-0.0026421122,1.6693818e-23
2.9011276,0.51984376,0.01727764,2.5650178e-23,0.46069931,-0.0025501643,4.414197e-23
2.9034938,0.51464931,0.016868716,1.2086568e-24,0.45237735,-0.002459295,1.0604419e-23
2.9058225,0.50951566,0.016464814,-4.9367705e-23,0.44415602,-0.0023696769,-7.3580207e-23
2.9081144,0.50444155,0.01606592,5.5253909e-23,0.43603693,-0.0022814287,7.5410024e-23
2.9103701,0.49942566,0.015672021,4.1633374e-23,0.42801957,-0.0021943982,5.3303956e-23
2.9125901,0.4944666,0.015283101,-7.2786708e-23,0.42010206,-0.0021087655,-1.1230185e-22
2.914775,0.48956288,0.014899143,-6.1036629e-24,0.41228147,-0.0020246614,-1.4538435e-23
2.9169254,0.48471287,0.014520128,5.2014441e-23,0.40455534,-0.0019416849,6.9609692e-23
2.9190418,0.47991483,0.014146039,-4.0242596e-23,0.3969231,-0.0018598633,-5.9740872e-23
2.9211247,0.47516687,0.013776861,-3.1536294e-23,0.38938468,-0.001779352,-4.4644555e-23
2.9231747,0.47046692,0.013412579,-3.368158e-23,0.38193969,-0.0017000995,-4.2165617e-23
2.9251923,0.4658127,0.013053183,-1.2613292e-22,0.37458812,-0.0016221557,-1.638576e-22
2.927178,0.46120172,0.012698668,-6.4774953e-23,0.36732954,-0.0015454152,-8.9336606e-23
2.9291323,0.4566312,0.012349036,9.2111744e-24,0.36016289,-0.0014694889,6.9467134e-24
2.9310557,0.45209809,0.012004294,1.341388e-23,0.35308675,-0.0013943597,2.392497e-23
2.9329487,0.44759904,0.01166446,4.4577258e-23,0.34609973,-0.0013204009,5.643289e-23
2.9348118,0.44313036,0.011329562,1.2524739e-23,0.33920119,-0.0012474836,1.8768148e-23
2.9366454,0.43868802,0.010999637,-1.9130111e-23,0.33239087,-0.0011752746,-1.718203e-23
2.9384501,0.43426764,0.010674735,-1.1692232e-23,0.32566819,-0.0011037685,-1.2688663e-23
2.9402262,0.42986448,0.01035492,-2.09363e-23,0.31903258,-0.0010330522,-2.5602815e-23
2.9419742,0.42547344,0.010040267,-7.6820097e-24,0.31248337,-0.00096315465,-1.021677e-23
2.9436946,0.42108908,0.0097308603,-2.3287408e-23,0.30601921,-0.00089402511,-2.5899158e-23
2.9453878,0.41670572,0.0094267988,-1.6870982e-23,0.29963881,-0.00082553677,-1.9168768e-23
2.9470543,0.41231752,0.0091281913,-2.4466615e-24,0.29334174,-0.00075758963,-8.1839577e-24
2.9486944,0.40791847,0.0088351555,1.6609113e-23,0.28712776,-0.0006902435,6.7948484e-24
2.9503085,0.40350244,0.008547815,3.145569e-23,0.28099671,-0.00062362293,2.6901391e-23
2.9518972,0.39906329,0.0082662992,-4.2254934e-23,0.2749486,-0.00055765486,-3.7261765e-23
2.9534607,0.39459492,0.00799074,-6.3629354e-23,0.26898189,-0.00049217935,-6.2188399e-23
2.9549995,0.39009136,0.0077212687,-1.7211402e-23,0.26309197,-0.00042808159,-1.9890256e-23
2.956514,0.38554689,0.007458015,1.5991201e-23,0.257276,-0.00036597833,7.9421912e-24
2.9580046,0.38095605,0.0072011021,7.6911747e-24,0.2515374,-0.00030477473,4.1372863e-24
2.9594715,0.37631381,0.0069506457,-1.4254022e-23,0.24588079,-0.00024413985,-1.4217176e-23
2.9609153,0.37161557,0.0067067516,4.2054377e-23,0.24030617,-0.00018473653,2.3890294e-23
2.9623363,0.36685729,0.0064695119,-1.382045e-23,0.23480919,-0.00012671602,-9.2628578e-24
2.9637348,0.36203548,0.0062390037,-8.5166833e-23,0.22938564,-6.9954977e-05,-5.3691703e-23
2.9651112,0.35714734,0.0060152872,-1.8750096e-23,0.22403347,-1.4500905e-05,-1.0179015e-23
2.9664658,0.35219072,0.0057984048,2.084696e-24,0.21875214,3.9244587e-05,4.2070275e-24
2.9677991,0.34716419,0.005588378,-5.4387362e-25,0.21354207,9.1048342e-05,1.7688734e-24
2.9691112,0.34206704,0.0053852079,2.6564593e-23,0.20840366,0.00014100185,1.2033866e-23
2.9704026,0.33689931,0.0051888757,6.4261457e-24,0.20333714,0.00018916603,2.4729156e-24
2.9716736,0.33166177,0.0049993395,-1.1088566e-23,0.19834241,0.00023554585,-7.6488582e-24
2.9729245,0.32635588,0.0048165373,-3.7133075e-24,0.19341914,0.00028008851,-2.2216874e-24
2.9741556,0.32098378,0.0046403863,-8.4213702e-24,0.18856704,0.00032268033,-1.5193404e-24
2.9753673,0.31554829,0.0044707842,-3.3336556e-23,0.18378544,0.00036327121,-1.2246203e-23
2.9765598,0.3100528,0.0043076105,-5.3362894e-23,0.17907288,0.00040197191,-1.7971458e-23
2.9777334,0.30450125,0.0041507274,-2.6697138e-23,0.17442767,0.00043874483,-8.253812e-24
2.9788885,0.29889811,0.0039999816,-1.054987e-23,0.1698479,0.00047338226,-2.0420765e-24
2.9800254,0.29324823,0.0038552064,-1.6778635e-23,0.16532999,0.00050553596,-2.2368329e-24
2.9811442,0.28755689,0.0037162236,-1.640736e-23,0.16087196,0.00053528222,-3.490594e-24
2.9822454,0.28182964,0.0035828444,-1.0203036e-23,0.15647564,0.00056333128,-3.1686222e-24
2.9833292,0.27607229,0.0034548731,-9.9478817e-26,0.15214189,0.00058990493,-1.8822598e-24
2.9843958,0.27029083,0.0033321074,9.9769395e-24,0.14786937,0.00061467931,1.4268767e-25
2.9854456,0.26449137,0.0032143413,1.5583962e-23,0.14365674,0.00063755622,8.3083851e-25
2.9864788,0.25868008,0.0031013667,3.951628e-23,0.13950278,0.00065846737,2.9315551e-24
2.9874956,0.25286316,0.0029929742,1.594362e-23,0.13540673,0.00067725288,4.0034904e-25
2.9884964,0.24704676,0.0028889565,-2.3342625e-23,0.13136859,0.00069392537,-4.2151848e-24
2.9894814,0.24123695,0.0027891084,-1.2275804e-23,0.12738846,0.00070850808,-1.0116399e-24
2.9904507,0.2354397,0.0026932285,-7.7204117e-24,0.12346675,0.00072090124,6.3231725e-25
2.9914048,0.22966079,0.0026011199,-1.3858045e-23,0.11960481,0.00073124192,2.159371e-24
2.9923438,0.22390584,0.0025125908,-1.8953203e-23,0.11580321,0.00073995345,3.2563081e-24
2.9932679,0.21818026,0.0024274578,-1.2914956e-23,0.11206004,0.0007470652,7.2387045e-25
2.9941774,0.21248922,0.0023455432,-5.2643209e-24,0.10837319,0.00075235684,7.0923321e-25
2.9950726,0.20683766,0.0022666771,-2.7437621e-24,0.10474137,0.00075592761,1.6126161e-24
2.9959536,0.20123026,0.0021906979,-5.8300617e-24,0.10116304,0.00075792282,2.7089435e-24
2.9968206,0.19567143,0.0021174514,-7.2153504e-24,0.097637797,0.00075846217,2.8373198e-24
2.997674,0.19016533,0.0020467926,-1.0980459e-23,0.094166852,0.0007577259,4.0757795e-24
2.9985139,0.18471582,0.0019785836,-6.236204e-24,0.090750317,0.00075565352,1.7564128e-24
2.9993405,0.17932653,0.0019126952,-4.0459473e-24,0.087386362,0.00075214412,-2.4335733e-25
3.000154,0.1740008,0.0018490064,4.7626243e-24,0.084074242,0.00074729967,-3.9432259e-24
3.0009546,0.16874173,0.0017874035,3.7400084e-24,0.080814918,0.00074124213,-2.4843676e-24
3.0017426,0.16355217,0.00172778,-1.4194841e-23,0.077608444,0.0007339955,5.7044964e-24
3.0025182,0.15843471,0.0016700365,-1.2736304e-23,0.074453989,0.00072565055,5.487453e-24
3.0032815,0.15339171,0.0016140807,-2.3347232e-24,0.071350529,0.00071632096,3.2771844e-25
3.0040327,0.14842533,0.0015598264,-4.5449266e-24,0.068297234,0.00070602829,1.4958621e-24
3.004772,0.1435375,0.0015071938,-9.7226479e-24,0.065294265,0.0006948998,4.78681e-24
3.0054997,0.13872994,0.0014561078,-2.4852061e-24,0.062341705,0.00068306894,1.4780058e-24
3.0062159,0.13400421,0.0014064992,4.8973132e-24,0.059439248,0.00067055747,-1.8477758e-24
3.0069207,0.12936166,0.0013583035,2.5129967e-24,0.056587153,0.00065741862,-7.3623888e-25
3.0076144,0.12480347,0.0013114607,-6.5079572e-24,0.053785688,0.00064366295,4.0507512e-24
3.0082971,0.12033069,0.0012659153,-8.5299646e-24,0.051034401,0.00062926675,6.0669267e-24
3.008969,0.11594418,0.0012216151,-4.1959151e-24,0.048332932,0.00061435453,3.5648514e-24
3.0096304,0.1116447,0.0011785118,1.0618343e-24,0.045681965,0.00059904549,-5.6857872e-25
3.0102812,0.10743286,0.0011365606,5.2148689e-24,0.043082537,0.00058334775,-3.5358886e-24
3.0109218,0.10330913,0.0010957191,6.0193475e-24,0.040534866,0.00056726892,-4.1633151e-24
3.0115522,0.0992739,0.0010559485,6.8404989e-24,0.038038396,0.00055088167,-4.9583688e-24
3.0121727,0.095327436,0.0010172121,7.5694488e-24,0.03559252,0.00053427399,-5.4336978e-24
3.0127833,0.091469903,0.00097947579,4.7906928e-24,0.033196937,0.00051751193,-3.4226616e-24
3.0133844,0.087701376,0.00094270778,3.0004839e-24,0.030851429,0.00050063296,-2.4724433e-24
3.0139759,0.084021849,0.00090687821,-1.9345054e-24,0.028555868,0.0004837158,1.2256781e-24
3.014558,0.080431231,0.00087195932,-4.1154132e-24,0.026310796,0.00046686633,3.3701435e-24
3.015131,0.076929359,0.00083792521,7.4334251e-25,0.024117137,0.00045009169,-5.7114595e-25
3.0156949,0.073516013,0.00080475209,2.8784382e-24,0.02197563,0.00043338672,-2.4740419e-24
3.0162499,0.07019088,0.00077241753,2.4393075e-24,0.019887283,0.00041681298,-2.3222506e-24
3.0167961,0.066953557,0.00074090004,3.7283789e-24,0.017853204,0.00040042444,-3.4303977e-24
3.0173337,0.06380361,0.00071017998,3.4524933e-24,0.015874062,0.0003842481,-2.7895231e-24
3.0178627,0.060740586,0.00068023866,-4.4120122e-25,0.013950269,0.00036832257,5.5036097e-25
3.0183834,0.057763987,0.00065105963,-3.2156536e-24,0.012082568,0.0003525958,2.9398541e-24
3.0188959,0.054873267,0.00062262804,3.4265772e-24,0.010272098,0.00033709243,-3.1642857e-24
3.0194003,0.052067839,0.00059492949,4.8876059e-24,0.0085193153,0.00032197274,-4.8080233e-24
3.0198967,0.049347072,0.00056795046,-6.9041242e-25,0.0068242783,0.00030717962,2.7831825e-25
3.0203853,0.046710298,0.00054167868,-2.8340469e-24,0.0051879228,0.00029258935,2.5580856e-24
3.0208661,0.044156815,0.0005161034,-2.159294e-24,0.00361162,0.00027822929,2.1597435e-24
3.0213393,0.041685891,0.00049121443,5.7332077e-25,0.0020966694,0.00026417377,-3.3881844e-25
3.0218051,0.039296758,0.00046700237,1.2373854e-24,0.00064465264,0.00025047057,-1.1937373e-24
3.0222635,0.036988627,0.00044345934,2.0805694e-24,-0.00074283721,0.00023711251,-1.9882279e-24
3.0227146,0.034760679,0.00042057727,7.3838756e-25,-0.0020644836,0.00022413248,-6.8324224e-25
3.0231586,0.032612074,0.00039834966,-6.5304735e-26,-0.0033187424,0.00021156772,7.8558869e-26
3.0235956,0.03054195,0.00037677037,6.1663285e-25,-0.0045032456,0.00019934511,-4.6028611e-25
3.0240257,0.028549422,0.00035583334,-7.1698777e-25,-0.0056159786,0.00018748725,6.5640764e-25
3.024449,0.026633585,0.00033553437,8.4137359e-25,-0.0066559176,0.00017599041,-6.9149664e-25
3.0248656,0.024793518,0.00031586886,1.459575e-25,-0.0076219521,0.00016480566,-3.2068732e-27
3.0252756,0.023028285,0.00029683242,-1.5608904e-24,-0.0085122517,0.00015410505,1.458801e-24
3.0256791,0.021336933,0.00027842177,-3.9926926e-25,-0.0093251409,0.00014402038,3.503826e-25
3.0260763,0.019718498,0.00026063379,1.1930762e-24,-0.01006046,0.000134407,-1.1770618e-24
3.0264671,0.018171998,0.00024346542,7.918007e-25,-0.010718631,0.00012508095,-7.5260932e-25
3.0268518,0.016696441,0.00022691386,9.3342614e-25,-0.011299301,0.00011604048,-9.6068142e-25
3.0272304,0.015290822,0.00021097645,9.5434537e-25,-0.011801149,0.00010727902,-9.6599986e-25
3.0276031,0.013954128,0.00019565087,-8.2560104e-25,-0.012222484,9.8834034e-05,8.6689344e-25
3.0279698,0.012685336,0.00018093464,-2.9714284e-25,-0.01256187,9.0784678e-05,3.3565711e-25
3.0283307,0.011483411,0.00016682533,9.7874055e-25,-0.012818284,8.3119481e-05,-1.0505085e-24
3.028686,0.01034731,0.00015332075,5.8031235e-25,-0.012991531,7.5834561e-05,-6.1274071e-25
3.0290356,0.009275986,0.00014041836,7.1177713e-25,-0.013082264,6.8933521e-05,-7.9397466e-25
3.0293797,0.0082683816,0.00012811583,-7.9536667e-25,-0.013091585,6.2410454e-05,9.0859644e-25
3.0297183,0.0073234331,0.00011641065,-1.76539e-24,-0.013021021,5.6259576e-05,1.9929426e-24
3.0300516,0.00644007,0.00010529988,6.9010789e-25,-0.012872506,5.0480527e-05,-7.9357325e-25
3.0303796,0.0056172175,9.4780273e-05,4.2685471e-25,-0.012648412,4.5069737e-05,-4.7817884e-25
3.0307025,0.0048537973,8.4848237e-05,-1.2064952e-26,-0.012351602,4.002192e-05,1.8852547e-26
3.0310202,0.0041487245,7.5500586e-05,2.3233394e-25,-0.011985361,3.532519e-05,-2.722699e-25
3.0313329,0.0035009101,6.6733104e-05,2.9240788e-25,-0.011553597,3.0957421e-05,-3.3717456e-25
3.0316407,0.0029092629,5.8541767e-05,1.0369838e-25,-0.011060918,2.6903358e-05,-1.1521785e-25
3.0319436,0.002372689,5.0922226e-05,2.9125212e-25,-0.010512267,2.315546e-05,-3.2946666e-25
3.0322417,0.0018900903,4.3869667e-05,7.4586993e-25,-0.0099128523,1.9709598e-05,-8.483623e-25
3.0325351,0.0014603682,3.7378994e-05,-1.7925756e-25,-0.0092682157,1.6562743e-05,2.0513393e-25
3.0328239,0.0010824233,3.1444527e-05,-1.186387e-24,-0.0085841248,1.3711281e-05,1.344728e-24
3.0331081,0.00075515532,2.6060685e-05,-3.30054e-25,-0.0078664694,1.1150398e-05,3.7528096e-25
3.0333878,0.00047746313,2.1221168e-05,1.9519499e-25,-0.0071211374,8.8711005e-06,-2.2038751e-25
3.0336631,0.00024824617,1.6919376e-05,1.0702928e-26,-0.0063538396,6.8649987e-06,-1.2190232e-26
3.033934,6.6405275e-05,1.314848e-05,7.0440649e-25,-0.0055700753,5.1248577e-06,-7.9267402e-25
3.0342006,-6.9157046e-05,9.9011561e-06,7.2132277e-25,-0.0047751783,3.6414905e-06,-8.1183112e-25
3.0344631,-0.00015953675,7.1699151e-06,-1.4540593e-25,-0.0039742135,2.4057129e-06,1.636427e-25
3.0347214,-0.000205827,4.9473947e-06,-6.3748477e-25,-0.0031717414,1.4093615e-06,7.173187e-25
3.0349756,-0.00020911749,3.2305407e-06,7.3924598e-26,-0.0023716306,6.4636854e-07,-8.3672023e-26
3.0352257,-0.00017049406,1.9576276e-06,4.8709319e-25,-0.0015769721,2.1117825e-07,-5.4841559e-25
3.035472,-9.5872152e-05,1.0061253e-06,1.4149542e-25,-0.00078850686,-1.4955411e-07,-1.5913472e-25
3.0357143,0,0,0,0,0,0
